CREATE DATABASE  IF NOT EXISTS `hillz_sql_db` /*!40100 DEFAULT CHARACTER SET utf8 */;
USE `hillz_sql_db`;
-- MySQL dump 10.13  Distrib 5.5.37, for debian-linux-gnu (x86_64)
--
-- Host: mysql51.websupport.sk    Database: hillz_sql_db
-- ------------------------------------------------------
-- Server version	5.1.63-log

/*!40101 SET @OLD_CHARACTER_SET_CLIENT=@@CHARACTER_SET_CLIENT */;
/*!40101 SET @OLD_CHARACTER_SET_RESULTS=@@CHARACTER_SET_RESULTS */;
/*!40101 SET @OLD_COLLATION_CONNECTION=@@COLLATION_CONNECTION */;
/*!40101 SET NAMES utf8 */;
/*!40103 SET @OLD_TIME_ZONE=@@TIME_ZONE */;
/*!40103 SET TIME_ZONE='+00:00' */;
/*!40014 SET @OLD_UNIQUE_CHECKS=@@UNIQUE_CHECKS, UNIQUE_CHECKS=0 */;
/*!40014 SET @OLD_FOREIGN_KEY_CHECKS=@@FOREIGN_KEY_CHECKS, FOREIGN_KEY_CHECKS=0 */;
/*!40101 SET @OLD_SQL_MODE=@@SQL_MODE, SQL_MODE='NO_AUTO_VALUE_ON_ZERO' */;
/*!40111 SET @OLD_SQL_NOTES=@@SQL_NOTES, SQL_NOTES=0 */;

--
-- Table structure for table `activity`
--

DROP TABLE IF EXISTS `activity`;
/*!40101 SET @saved_cs_client     = @@character_set_client */;
/*!40101 SET character_set_client = utf8 */;
CREATE TABLE `activity` (
  `id` int(11) NOT NULL AUTO_INCREMENT,
  `name` varchar(30) NOT NULL,
  `name_sk` varchar(30) NOT NULL,
  PRIMARY KEY (`id`)
) ENGINE=InnoDB AUTO_INCREMENT=11 DEFAULT CHARSET=utf8;
/*!40101 SET character_set_client = @saved_cs_client */;

--
-- Dumping data for table `activity`
--

LOCK TABLES `activity` WRITE;
/*!40000 ALTER TABLE `activity` DISABLE KEYS */;
INSERT INTO `activity` VALUES (1,'Cycling','Cyklistika'),(2,'Running','Beh'),(3,'MTB','MTB'),(4,'HomeTrainer','Trenažér'),(5,'Rollerskating','Korčuľovanie'),(6,'Hiking / Skialp','Turistika / Skialp '),(7,'Indoor','Indoor'),(8,'Other','Iné'),(9,'Swimming','Plávanie'),(10,'XC-skiing','Bežecké lyžovanie');
/*!40000 ALTER TABLE `activity` ENABLE KEYS */;
UNLOCK TABLES;

--
-- Table structure for table `address`
--

DROP TABLE IF EXISTS `address`;
/*!40101 SET @saved_cs_client     = @@character_set_client */;
/*!40101 SET character_set_client = utf8 */;
CREATE TABLE `address` (
  `id` int(11) NOT NULL AUTO_INCREMENT,
  `city` varchar(40) DEFAULT NULL,
  `street` varchar(40) DEFAULT NULL,
  `zip` varchar(15) DEFAULT NULL,
  `id_country` int(11) DEFAULT NULL,
  PRIMARY KEY (`id`),
  KEY `id_country` (`id_country`),
  CONSTRAINT `address_ibfk_1` FOREIGN KEY (`id_country`) REFERENCES `country` (`id`)
) ENGINE=InnoDB AUTO_INCREMENT=5 DEFAULT CHARSET=utf8;
/*!40101 SET character_set_client = @saved_cs_client */;

--
-- Dumping data for table `address`
--

LOCK TABLES `address` WRITE;
/*!40000 ALTER TABLE `address` DISABLE KEYS */;
INSERT INTO `address` VALUES (1,'Poprad','','',1),(2,'Matzen','Neustrasse 15','89745',NULL),(3,'Poprad','Mládeže','05801',1),(4,'','','',1);
/*!40000 ALTER TABLE `address` ENABLE KEYS */;
UNLOCK TABLES;

--
-- Table structure for table `coach_cooperation`
--

DROP TABLE IF EXISTS `coach_cooperation`;
/*!40101 SET @saved_cs_client     = @@character_set_client */;
/*!40101 SET character_set_client = utf8 */;
CREATE TABLE `coach_cooperation` (
  `id` int(11) NOT NULL AUTO_INCREMENT,
  `id_coach` int(11) NOT NULL,
  `id_athlete` int(11) NOT NULL,
  `status` int(1) NOT NULL,
  `cooperatin_since` date NOT NULL,
  `athlete_changes_made` int(1) DEFAULT NULL,
  `athlete_changes_date` date DEFAULT NULL,
  `athlete_changes_confirmed` int(1) DEFAULT NULL,
  PRIMARY KEY (`id`),
  KEY `id_coach` (`id_coach`),
  KEY `id_athlete` (`id_athlete`),
  CONSTRAINT `coach_cooperation_ibfk_1` FOREIGN KEY (`id_coach`) REFERENCES `user` (`id`),
  CONSTRAINT `coach_cooperation_ibfk_2` FOREIGN KEY (`id_athlete`) REFERENCES `user` (`id`)
) ENGINE=InnoDB AUTO_INCREMENT=7 DEFAULT CHARSET=utf8;
/*!40101 SET character_set_client = @saved_cs_client */;

--
-- Dumping data for table `coach_cooperation`
--

LOCK TABLES `coach_cooperation` WRITE;
/*!40000 ALTER TABLE `coach_cooperation` DISABLE KEYS */;
INSERT INTO `coach_cooperation` VALUES (4,34,1,1,'2013-06-07',NULL,NULL,NULL),(6,34,2,1,'2013-06-17',NULL,NULL,NULL);
/*!40000 ALTER TABLE `coach_cooperation` ENABLE KEYS */;
UNLOCK TABLES;

--
-- Table structure for table `comment`
--

DROP TABLE IF EXISTS `comment`;
/*!40101 SET @saved_cs_client     = @@character_set_client */;
/*!40101 SET character_set_client = utf8 */;
CREATE TABLE `comment` (
  `id` int(11) NOT NULL AUTO_INCREMENT,
  `text` varchar(300) DEFAULT NULL,
  `id_trainingentry` int(11) NOT NULL,
  `id_user` int(11) NOT NULL,
  `id_visibility` int(11) NOT NULL,
  `date` datetime NOT NULL,
  `seen` int(1) NOT NULL,
  PRIMARY KEY (`id`),
  KEY `id_user` (`id_user`),
  KEY `id_trainingentry` (`id_trainingentry`),
  KEY `id_visibility` (`id_visibility`),
  CONSTRAINT `comment_ibfk_1` FOREIGN KEY (`id_user`) REFERENCES `user` (`id`),
  CONSTRAINT `comment_ibfk_2` FOREIGN KEY (`id_trainingentry`) REFERENCES `training_entry` (`id`),
  CONSTRAINT `comment_ibfk_3` FOREIGN KEY (`id_visibility`) REFERENCES `visibility` (`id`)
) ENGINE=InnoDB AUTO_INCREMENT=6 DEFAULT CHARSET=utf8;
/*!40101 SET character_set_client = @saved_cs_client */;

--
-- Dumping data for table `comment`
--

LOCK TABLES `comment` WRITE;
/*!40000 ALTER TABLE `comment` DISABLE KEYS */;
INSERT INTO `comment` VALUES (1,'haha',16,1,1,'2013-11-15 16:08:42',0),(2,'dd',265,1,1,'2013-11-15 16:09:01',0),(3,'pekne :)',13,1,1,'2014-01-08 09:59:03',0),(4,'fgh',310,34,1,'2014-01-19 08:21:06',1),(5,'<a href=\"http://www.endomondo.com/workouts/303006160/14548749\">http://www.endomondo.com/workouts/303006160/14548749</a>',358,1,1,'2014-03-02 15:07:55',1);
/*!40000 ALTER TABLE `comment` ENABLE KEYS */;
UNLOCK TABLES;

--
-- Table structure for table `country`
--

DROP TABLE IF EXISTS `country`;
/*!40101 SET @saved_cs_client     = @@character_set_client */;
/*!40101 SET character_set_client = utf8 */;
CREATE TABLE `country` (
  `id` int(11) NOT NULL AUTO_INCREMENT,
  `name` varchar(40) DEFAULT NULL,
  PRIMARY KEY (`id`)
) ENGINE=InnoDB AUTO_INCREMENT=3 DEFAULT CHARSET=utf8;
/*!40101 SET character_set_client = @saved_cs_client */;

--
-- Dumping data for table `country`
--

LOCK TABLES `country` WRITE;
/*!40000 ALTER TABLE `country` DISABLE KEYS */;
INSERT INTO `country` VALUES (1,'Slovenská republika'),(2,'Česká republika');
/*!40000 ALTER TABLE `country` ENABLE KEYS */;
UNLOCK TABLES;

--
-- Table structure for table `default_hr_zone`
--

DROP TABLE IF EXISTS `default_hr_zone`;
/*!40101 SET @saved_cs_client     = @@character_set_client */;
/*!40101 SET character_set_client = utf8 */;
CREATE TABLE `default_hr_zone` (
  `id` int(11) NOT NULL AUTO_INCREMENT,
  `name` varchar(30) NOT NULL,
  PRIMARY KEY (`id`)
) ENGINE=InnoDB AUTO_INCREMENT=5 DEFAULT CHARSET=utf8;
/*!40101 SET character_set_client = @saved_cs_client */;

--
-- Dumping data for table `default_hr_zone`
--

LOCK TABLES `default_hr_zone` WRITE;
/*!40000 ALTER TABLE `default_hr_zone` DISABLE KEYS */;
INSERT INTO `default_hr_zone` VALUES (1,'Recovery zone'),(2,'Aerobic zone'),(3,'Anaerobic threshold'),(4,'Lactate zone');
/*!40000 ALTER TABLE `default_hr_zone` ENABLE KEYS */;
UNLOCK TABLES;

--
-- Table structure for table `default_label`
--

DROP TABLE IF EXISTS `default_label`;
/*!40101 SET @saved_cs_client     = @@character_set_client */;
/*!40101 SET character_set_client = utf8 */;
CREATE TABLE `default_label` (
  `id` int(11) NOT NULL AUTO_INCREMENT,
  `name` varchar(50) NOT NULL,
  `color` varchar(10) NOT NULL,
  PRIMARY KEY (`id`)
) ENGINE=InnoDB AUTO_INCREMENT=4 DEFAULT CHARSET=utf8;
/*!40101 SET character_set_client = @saved_cs_client */;

--
-- Dumping data for table `default_label`
--

LOCK TABLES `default_label` WRITE;
/*!40000 ALTER TABLE `default_label` DISABLE KEYS */;
INSERT INTO `default_label` VALUES (1,'Rest day','dcff02'),(2,'Competition','00b7ea'),(3,'Illness','000000');
/*!40000 ALTER TABLE `default_label` ENABLE KEYS */;
UNLOCK TABLES;

--
-- Table structure for table `hr_zone`
--

DROP TABLE IF EXISTS `hr_zone`;
/*!40101 SET @saved_cs_client     = @@character_set_client */;
/*!40101 SET character_set_client = utf8 */;
CREATE TABLE `hr_zone` (
  `id` int(11) NOT NULL AUTO_INCREMENT,
  `name` varchar(30) DEFAULT NULL,
  `min` int(3) NOT NULL,
  `max` int(3) NOT NULL,
  `id_user` int(11) NOT NULL,
  `id_default` int(11) DEFAULT NULL,
  PRIMARY KEY (`id`),
  KEY `id_user` (`id_user`),
  KEY `id_default` (`id_default`),
  CONSTRAINT `hr_zone_ibfk_1` FOREIGN KEY (`id_user`) REFERENCES `user` (`id`),
  CONSTRAINT `hr_zone_ibfk_2` FOREIGN KEY (`id_default`) REFERENCES `default_hr_zone` (`id`)
) ENGINE=InnoDB AUTO_INCREMENT=162 DEFAULT CHARSET=utf8;
/*!40101 SET character_set_client = @saved_cs_client */;

--
-- Dumping data for table `hr_zone`
--

LOCK TABLES `hr_zone` WRITE;
/*!40000 ALTER TABLE `hr_zone` DISABLE KEYS */;
INSERT INTO `hr_zone` VALUES (1,NULL,100,134,1,1),(2,NULL,150,165,1,2),(3,NULL,170,174,1,3),(4,NULL,176,193,1,4),(5,NULL,100,120,2,1),(6,NULL,120,150,2,2),(7,NULL,165,170,2,3),(8,NULL,170,185,2,4),(9,NULL,100,120,3,1),(10,NULL,120,150,3,2),(11,NULL,165,170,3,3),(12,NULL,170,185,3,4),(13,NULL,100,120,22,1),(14,NULL,120,150,22,2),(15,NULL,165,170,22,3),(16,NULL,170,185,22,4),(17,NULL,100,120,4,1),(18,NULL,120,150,4,2),(19,NULL,165,170,4,3),(20,NULL,170,185,4,4),(21,NULL,100,120,5,1),(22,NULL,120,150,5,2),(23,NULL,165,170,5,3),(24,NULL,170,185,5,4),(25,NULL,100,120,7,1),(26,NULL,120,150,7,2),(27,NULL,165,170,7,3),(28,NULL,170,185,7,4),(29,NULL,100,120,8,1),(30,NULL,120,150,8,2),(31,NULL,165,170,8,3),(32,NULL,170,185,8,4),(33,NULL,100,120,9,1),(34,NULL,120,150,9,2),(35,NULL,165,170,9,3),(36,NULL,170,185,9,4),(37,NULL,100,120,10,1),(38,NULL,120,150,10,2),(39,NULL,165,170,10,3),(40,NULL,170,185,10,4),(41,NULL,100,120,11,1),(42,NULL,120,150,11,2),(43,NULL,165,170,11,3),(44,NULL,170,185,11,4),(45,NULL,100,120,12,1),(46,NULL,120,150,12,2),(47,NULL,165,170,12,3),(48,NULL,170,185,12,4),(49,NULL,100,120,13,1),(50,NULL,120,150,13,2),(51,NULL,165,170,13,3),(52,NULL,170,185,13,4),(53,NULL,100,120,14,1),(54,NULL,120,150,14,2),(55,NULL,165,170,14,3),(56,NULL,170,185,14,4),(57,NULL,100,120,12,1),(58,NULL,120,150,12,2),(59,NULL,165,170,12,3),(60,NULL,170,185,12,4),(61,NULL,100,120,13,1),(62,NULL,120,150,13,2),(63,NULL,165,170,13,3),(64,NULL,170,185,13,4),(65,NULL,100,120,15,1),(66,NULL,120,150,15,2),(67,NULL,165,170,15,3),(68,NULL,170,185,15,4),(69,NULL,100,120,16,1),(70,NULL,120,150,16,2),(71,NULL,165,170,16,3),(72,NULL,170,185,16,4),(73,NULL,100,120,17,1),(74,NULL,120,150,17,2),(75,NULL,165,170,17,3),(76,NULL,170,185,17,4),(77,NULL,100,120,18,1),(78,NULL,120,150,18,2),(79,NULL,165,170,18,3),(80,NULL,170,185,18,4),(81,NULL,100,120,19,1),(82,NULL,120,150,19,2),(83,NULL,165,170,19,3),(84,NULL,170,185,19,4),(85,NULL,100,120,20,1),(86,NULL,120,150,20,2),(87,NULL,165,170,20,3),(88,NULL,170,185,20,4),(89,NULL,100,120,21,1),(90,NULL,120,150,21,2),(91,NULL,165,170,21,3),(92,NULL,170,185,21,4),(93,NULL,100,120,22,1),(94,NULL,120,150,22,2),(95,NULL,165,170,22,3),(96,NULL,170,185,22,4),(97,NULL,100,120,15,1),(98,NULL,120,150,15,2),(99,NULL,165,170,15,3),(100,NULL,170,185,15,4),(101,NULL,100,120,6,1),(102,NULL,120,150,6,2),(103,NULL,165,170,6,3),(104,NULL,170,185,6,4),(105,NULL,100,120,23,1),(106,NULL,120,150,23,2),(107,NULL,165,170,23,3),(108,NULL,170,185,23,4),(109,NULL,100,120,6,1),(110,NULL,120,150,6,2),(111,NULL,165,170,6,3),(112,NULL,170,185,6,4),(113,NULL,100,120,24,1),(114,NULL,120,150,24,2),(115,NULL,165,170,24,3),(116,NULL,170,185,24,4),(117,NULL,100,120,25,1),(118,NULL,120,150,25,2),(119,NULL,165,170,25,3),(120,NULL,170,185,25,4),(121,NULL,100,120,26,1),(122,NULL,120,150,26,2),(123,NULL,165,170,26,3),(124,NULL,170,185,26,4),(125,NULL,100,120,27,1),(126,NULL,120,150,27,2),(127,NULL,165,170,27,3),(128,NULL,170,185,27,4),(129,NULL,100,120,28,1),(130,NULL,120,150,28,2),(131,NULL,165,170,28,3),(132,NULL,170,185,28,4),(133,NULL,100,120,28,1),(134,NULL,120,150,28,2),(135,NULL,165,170,28,3),(136,NULL,170,185,28,4),(137,NULL,100,120,29,1),(138,NULL,120,150,29,2),(139,NULL,165,170,29,3),(140,NULL,170,185,29,4),(141,NULL,100,120,30,1),(142,NULL,120,150,30,2),(143,NULL,165,170,30,3),(144,NULL,170,185,30,4),(145,'R',135,149,1,NULL),(146,NULL,100,120,31,1),(147,NULL,120,150,31,2),(148,NULL,165,170,31,3),(149,NULL,170,185,31,4),(150,NULL,100,120,32,1),(151,NULL,120,150,32,2),(152,NULL,165,170,32,3),(153,NULL,170,185,32,4),(158,NULL,100,120,34,1),(159,NULL,120,150,34,2),(160,NULL,165,170,34,3),(161,NULL,170,185,34,4);
/*!40000 ALTER TABLE `hr_zone` ENABLE KEYS */;
UNLOCK TABLES;

--
-- Table structure for table `label`
--

DROP TABLE IF EXISTS `label`;
/*!40101 SET @saved_cs_client     = @@character_set_client */;
/*!40101 SET character_set_client = utf8 */;
CREATE TABLE `label` (
  `id` int(11) NOT NULL AUTO_INCREMENT,
  `name` varchar(50) DEFAULT NULL,
  `color` varchar(10) DEFAULT NULL,
  `id_user` int(11) NOT NULL,
  `id_default` int(11) DEFAULT NULL,
  PRIMARY KEY (`id`),
  KEY `id_user` (`id_user`),
  KEY `id_default` (`id_default`),
  CONSTRAINT `label_ibfk_1` FOREIGN KEY (`id_user`) REFERENCES `user` (`id`),
  CONSTRAINT `label_ibfk_2` FOREIGN KEY (`id_default`) REFERENCES `default_label` (`id`)
) ENGINE=InnoDB AUTO_INCREMENT=98 DEFAULT CHARSET=utf8;
/*!40101 SET character_set_client = @saved_cs_client */;

--
-- Dumping data for table `label`
--

LOCK TABLES `label` WRITE;
/*!40000 ALTER TABLE `label` DISABLE KEYS */;
INSERT INTO `label` VALUES (1,'Tréningové voľno','dcff02',1,NULL),(2,'Preteky','00b7ea',1,NULL),(3,'Illness','000000',1,NULL),(4,NULL,NULL,2,1),(5,NULL,NULL,2,2),(6,NULL,NULL,2,3),(7,NULL,NULL,3,1),(8,NULL,NULL,3,2),(9,NULL,NULL,3,3),(10,NULL,NULL,4,1),(11,NULL,NULL,4,2),(12,NULL,NULL,4,3),(13,NULL,NULL,5,1),(14,NULL,NULL,5,2),(15,NULL,NULL,5,3),(16,NULL,NULL,6,1),(17,NULL,NULL,6,2),(18,NULL,NULL,6,3),(19,NULL,NULL,7,1),(20,NULL,NULL,7,2),(21,NULL,NULL,7,3),(22,NULL,NULL,8,1),(23,NULL,NULL,8,2),(24,NULL,NULL,8,3),(25,NULL,NULL,9,1),(26,NULL,NULL,9,2),(27,NULL,NULL,9,3),(28,NULL,NULL,10,1),(29,NULL,NULL,10,2),(30,NULL,NULL,10,3),(31,NULL,NULL,11,1),(32,NULL,NULL,11,2),(33,NULL,NULL,11,3),(34,NULL,NULL,12,1),(35,NULL,NULL,12,2),(36,NULL,NULL,12,3),(37,NULL,NULL,13,1),(38,NULL,NULL,13,2),(39,NULL,NULL,13,3),(40,NULL,NULL,14,1),(41,NULL,NULL,14,2),(42,NULL,NULL,14,3),(43,NULL,NULL,15,1),(44,NULL,NULL,15,2),(45,NULL,NULL,15,3),(46,NULL,NULL,16,1),(47,NULL,NULL,16,2),(48,NULL,NULL,16,3),(49,NULL,NULL,17,1),(50,NULL,NULL,17,2),(51,NULL,NULL,17,3),(52,NULL,NULL,18,1),(53,NULL,NULL,18,2),(54,NULL,NULL,18,3),(55,NULL,NULL,19,1),(56,NULL,NULL,19,2),(57,NULL,NULL,19,3),(58,NULL,NULL,20,1),(59,NULL,NULL,20,2),(60,NULL,NULL,20,3),(61,NULL,NULL,21,1),(62,NULL,NULL,21,2),(63,NULL,NULL,21,3),(64,NULL,NULL,22,1),(65,NULL,NULL,22,2),(66,NULL,NULL,22,3),(67,NULL,NULL,23,1),(68,NULL,NULL,23,2),(69,NULL,NULL,23,3),(70,NULL,NULL,24,1),(71,NULL,NULL,24,2),(72,NULL,NULL,24,3),(73,NULL,NULL,25,1),(74,NULL,NULL,25,2),(75,NULL,NULL,25,3),(76,NULL,NULL,26,1),(77,NULL,NULL,26,2),(78,NULL,NULL,26,3),(79,NULL,NULL,27,1),(80,NULL,NULL,27,2),(81,NULL,NULL,27,3),(82,NULL,NULL,28,1),(83,NULL,NULL,28,2),(84,NULL,NULL,28,3),(85,NULL,NULL,29,1),(86,NULL,NULL,29,2),(87,NULL,NULL,29,3),(88,NULL,NULL,30,1),(89,NULL,NULL,30,2),(90,NULL,NULL,30,3),(91,'Intervaly','d91e1e',1,NULL),(92,NULL,NULL,31,1),(93,NULL,NULL,31,2),(94,NULL,NULL,31,3),(95,NULL,NULL,32,1),(96,NULL,NULL,32,2),(97,NULL,NULL,32,3);
/*!40000 ALTER TABLE `label` ENABLE KEYS */;
UNLOCK TABLES;

--
-- Table structure for table `privacy`
--

DROP TABLE IF EXISTS `privacy`;
/*!40101 SET @saved_cs_client     = @@character_set_client */;
/*!40101 SET character_set_client = utf8 */;
CREATE TABLE `privacy` (
  `id` int(11) NOT NULL AUTO_INCREMENT,
  `lastname` int(11) NOT NULL DEFAULT '1',
  `email` int(11) NOT NULL DEFAULT '1',
  `phone` int(11) NOT NULL DEFAULT '1',
  `street` int(11) NOT NULL DEFAULT '1',
  `city` int(11) NOT NULL DEFAULT '1',
  `country` int(11) NOT NULL DEFAULT '1',
  `birthday` int(11) NOT NULL DEFAULT '1',
  `weight` int(11) NOT NULL DEFAULT '1',
  `height` int(11) NOT NULL DEFAULT '1',
  `max_hr` int(11) NOT NULL DEFAULT '1',
  `rest_hr` int(11) NOT NULL DEFAULT '1',
  `basic_tr_data` int(11) NOT NULL DEFAULT '1',
  PRIMARY KEY (`id`)
) ENGINE=InnoDB AUTO_INCREMENT=38 DEFAULT CHARSET=utf8;
/*!40101 SET character_set_client = @saved_cs_client */;

--
-- Dumping data for table `privacy`
--

LOCK TABLES `privacy` WRITE;
/*!40000 ALTER TABLE `privacy` DISABLE KEYS */;
INSERT INTO `privacy` VALUES (1,1,2,2,2,1,1,2,1,1,1,1,2),(3,1,1,1,1,1,1,1,1,1,1,1,1),(4,2,2,2,1,1,2,1,3,1,1,1,2),(5,1,1,1,1,1,1,1,1,1,1,1,1),(7,1,1,1,1,1,1,1,1,1,1,1,1),(8,1,1,1,1,1,1,1,1,1,1,1,1),(9,1,1,1,1,1,1,1,1,1,1,1,1),(10,1,1,1,1,1,1,1,1,1,1,1,1),(11,1,1,1,1,1,1,1,1,1,1,1,1),(12,1,1,1,1,1,1,1,1,1,1,1,1),(13,1,1,1,1,1,1,1,1,1,1,1,1),(15,1,1,1,1,1,1,1,1,1,1,1,1),(16,1,1,1,1,1,1,1,1,1,1,1,1),(17,1,1,1,1,1,1,1,1,1,1,1,1),(18,1,1,1,1,1,1,1,1,1,1,1,1),(19,1,1,1,1,1,1,1,1,1,1,1,1),(21,1,1,1,1,1,1,1,1,1,1,1,1),(22,1,1,1,1,1,1,1,1,1,1,1,1),(23,1,1,1,1,1,1,1,1,1,1,1,1),(24,1,1,1,1,1,1,1,1,1,1,1,1),(25,1,1,1,1,1,1,1,1,1,1,1,1),(26,1,1,1,1,1,1,1,1,1,1,1,1),(27,1,1,1,1,1,1,1,1,1,1,1,1),(28,1,1,1,1,1,1,1,1,1,1,1,1),(29,1,1,1,1,1,1,1,1,1,1,1,1),(30,1,1,1,1,1,1,1,1,1,1,1,1),(31,1,1,1,1,1,1,1,1,1,1,1,1),(32,1,1,1,1,1,1,1,1,1,1,1,1),(33,1,1,1,1,1,1,1,1,1,1,1,1),(34,1,1,1,1,1,1,1,1,1,1,1,1),(35,1,1,1,1,1,1,1,1,1,1,1,1),(36,1,1,1,1,1,1,1,1,1,1,1,1),(37,1,1,1,1,1,1,1,1,1,1,1,1);
/*!40000 ALTER TABLE `privacy` ENABLE KEYS */;
UNLOCK TABLES;

--
-- Table structure for table `role`
--

DROP TABLE IF EXISTS `role`;
/*!40101 SET @saved_cs_client     = @@character_set_client */;
/*!40101 SET character_set_client = utf8 */;
CREATE TABLE `role` (
  `id` int(11) NOT NULL AUTO_INCREMENT,
  `name` varchar(32) NOT NULL,
  PRIMARY KEY (`id`),
  UNIQUE KEY `name` (`name`)
) ENGINE=InnoDB AUTO_INCREMENT=4 DEFAULT CHARSET=utf8;
/*!40101 SET character_set_client = @saved_cs_client */;

--
-- Dumping data for table `role`
--

LOCK TABLES `role` WRITE;
/*!40000 ALTER TABLE `role` DISABLE KEYS */;
INSERT INTO `role` VALUES (1,'admin'),(2,'athlete'),(3,'coach');
/*!40000 ALTER TABLE `role` ENABLE KEYS */;
UNLOCK TABLES;

--
-- Table structure for table `sparring`
--

DROP TABLE IF EXISTS `sparring`;
/*!40101 SET @saved_cs_client     = @@character_set_client */;
/*!40101 SET character_set_client = utf8 */;
CREATE TABLE `sparring` (
  `id` int(11) NOT NULL AUTO_INCREMENT,
  `id_user` int(11) NOT NULL,
  `id_partner` int(11) NOT NULL,
  `status` int(11) NOT NULL,
  `request_date` date NOT NULL,
  PRIMARY KEY (`id`),
  KEY `id_user` (`id_user`),
  KEY `id_partner` (`id_partner`),
  CONSTRAINT `sparring_ibfk_1` FOREIGN KEY (`id_user`) REFERENCES `user` (`id`),
  CONSTRAINT `sparring_ibfk_2` FOREIGN KEY (`id_partner`) REFERENCES `user` (`id`)
) ENGINE=InnoDB AUTO_INCREMENT=95 DEFAULT CHARSET=utf8;
/*!40101 SET character_set_client = @saved_cs_client */;

--
-- Dumping data for table `sparring`
--

LOCK TABLES `sparring` WRITE;
/*!40000 ALTER TABLE `sparring` DISABLE KEYS */;
INSERT INTO `sparring` VALUES (6,5,3,2,'2013-03-11'),(7,3,5,2,'2013-03-11'),(31,3,2,2,'2013-03-14'),(32,2,3,2,'2013-03-14'),(37,3,1,2,'2013-03-19'),(38,1,3,2,'2013-03-19'),(41,1,5,2,'2013-04-06'),(42,5,1,2,'2013-04-06'),(43,1,4,2,'2013-04-06'),(44,4,1,2,'2013-04-06'),(49,1,8,2,'2013-04-07'),(50,1,9,2,'2013-04-07'),(51,1,10,2,'2013-04-07'),(52,1,11,2,'2013-04-07'),(53,1,12,2,'2013-04-07'),(54,1,13,2,'2013-04-07'),(56,1,15,2,'2013-04-07'),(57,1,16,2,'2013-04-07'),(58,1,17,2,'2013-04-07'),(59,1,18,2,'2013-04-07'),(60,1,19,2,'2013-04-07'),(61,1,20,2,'2013-04-07'),(62,20,1,2,'2013-04-07'),(63,1,21,2,'2013-04-07'),(64,8,1,2,'2013-04-07'),(65,9,1,2,'2013-04-07'),(66,10,1,2,'2013-04-07'),(67,11,1,2,'2013-04-07'),(68,12,1,2,'2013-04-07'),(69,13,1,2,'2013-04-07'),(71,15,1,2,'2013-04-07'),(72,16,1,2,'2013-04-07'),(73,17,1,2,'2013-04-07'),(74,18,1,2,'2013-04-07'),(75,19,1,2,'2013-04-07'),(76,21,1,2,'2013-04-07'),(78,1,22,2,'2013-04-08'),(79,22,1,2,'2013-04-08'),(80,1,6,1,'2013-04-08'),(82,23,1,2,'2013-05-16'),(83,23,2,2,'2013-05-16'),(84,2,23,2,'2013-05-16'),(85,1,23,2,'2013-05-16'),(86,24,1,2,'2013-05-17'),(89,1,25,2,'2013-06-07'),(90,25,1,2,'2013-06-07'),(91,1,26,1,'2013-06-07'),(92,1,24,2,'2013-05-17'),(93,1,2,2,'2014-01-08'),(94,2,1,2,'2014-01-08');
/*!40000 ALTER TABLE `sparring` ENABLE KEYS */;
UNLOCK TABLES;

--
-- Table structure for table `training_entry`
--

DROP TABLE IF EXISTS `training_entry`;
/*!40101 SET @saved_cs_client     = @@character_set_client */;
/*!40101 SET character_set_client = utf8 */;
CREATE TABLE `training_entry` (
  `id` int(11) NOT NULL AUTO_INCREMENT,
  `duration` time NOT NULL,
  `description` varchar(500) DEFAULT NULL,
  `feelings` int(11) DEFAULT '2',
  `min_hr` int(3) DEFAULT NULL,
  `avg_hr` int(3) DEFAULT NULL,
  `max_hr` int(3) DEFAULT NULL,
  `distance` decimal(10,3) DEFAULT NULL,
  `avg_speed` decimal(10,3) DEFAULT NULL,
  `ascent` int(11) DEFAULT NULL,
  `max_altitude` int(11) DEFAULT NULL,
  `avg_watts` int(11) DEFAULT NULL,
  `max_watts` int(11) DEFAULT NULL,
  `id_activity` int(11) NOT NULL,
  `id_user` int(11) NOT NULL,
  `id_visibility` int(11) NOT NULL DEFAULT '1',
  `avg_pace` time DEFAULT NULL,
  `date` date NOT NULL,
  `id_label` int(11) DEFAULT NULL,
  PRIMARY KEY (`id`),
  KEY `id_user` (`id_user`),
  KEY `id_activity` (`id_activity`),
  KEY `id_visibility` (`id_visibility`),
  CONSTRAINT `training_entry_ibfk_1` FOREIGN KEY (`id_user`) REFERENCES `user` (`id`),
  CONSTRAINT `training_entry_ibfk_2` FOREIGN KEY (`id_activity`) REFERENCES `activity` (`id`),
  CONSTRAINT `training_entry_ibfk_3` FOREIGN KEY (`id_visibility`) REFERENCES `visibility` (`id`)
) ENGINE=InnoDB AUTO_INCREMENT=700 DEFAULT CHARSET=utf8;
/*!40101 SET character_set_client = @saved_cs_client */;

--
-- Dumping data for table `training_entry`
--

LOCK TABLES `training_entry` WRITE;
/*!40000 ALTER TABLE `training_entry` DISABLE KEYS */;
INSERT INTO `training_entry` VALUES (3,'04:00:00','Preteky Carpathia Couriers Path',3,100,154,180,155.000,42.000,NULL,NULL,NULL,NULL,1,1,2,NULL,'2013-05-02',NULL),(4,'03:50:00','1x T1 Braunsberg cca v polovici tréningu. Za 8:05 ',2,NULL,137,181,113.000,29.800,NULL,NULL,NULL,NULL,1,1,2,'00:00:00','2013-05-08',91),(7,'02:00:00','Trenažér po chorobe',2,NULL,118,145,0.000,0.000,NULL,NULL,NULL,NULL,7,1,2,NULL,'2013-05-07',NULL),(8,'03:55:00','BA - Šamorín - Gabčíkovo - Vojka - Čunovo - BA, ľahký tréning v rovnomernom tempe ',2,NULL,129,160,116.000,29.900,792,NULL,NULL,NULL,1,1,2,NULL,'2013-05-09',NULL),(9,'01:00:00','Beh na pohodu',2,NULL,140,165,10.000,0.000,NULL,NULL,NULL,NULL,2,3,3,'00:06:00','2013-05-06',NULL),(10,'02:00:00','Bike, na dobrý pocit',2,NULL,110,145,50.000,25.000,NULL,NULL,NULL,NULL,1,3,3,'00:00:00','2013-05-07',NULL),(12,'04:00:00','BA - Hainburg - Marcheg - Zwerndorf - Weikendorf - Ganserndorf - Strasshof - Ganserndorf - Weikendorf - Oberweiden - Schonfelf - Lasse - Hainburg - BA   ',1,NULL,131,161,121.000,30.200,NULL,NULL,NULL,NULL,1,1,2,'00:01:59','2013-05-11',NULL),(13,'01:00:00','Prvy krat na bezkach',4,NULL,NULL,NULL,12.000,12.000,NULL,NULL,NULL,NULL,10,2,2,'00:00:00','2013-05-06',NULL),(14,'03:55:00','Hainburg - Bad Altenburg - Edelstal - Hainburg - 1x T1 Braunsberg za 7:57, Bad Altenburg - Hainburg Petržalka - 1x T1 Čunovo za 13\' vyjazdenie 1h domov ',1,NULL,132,182,114.800,29.200,NULL,NULL,NULL,NULL,1,1,2,'00:02:03','2013-05-12',91),(16,'01:00:00','Posilňovňa - kruhový tréning',2,NULL,NULL,NULL,0.000,0.000,NULL,NULL,NULL,NULL,7,28,2,'00:00:00','2013-05-12',NULL),(17,'04:10:00','BA - Wolfstahl - 1x okruh Hainburg, Prellenkirchen, Edelstal, Hainburg, 2x okruh Bad Altenburg, Petronell Carnuntum, Rohrau, Prellenkirchen, Edelstal. Z Wolstahlu vyjazdenie domov ',3,NULL,128,167,122.800,29.500,NULL,NULL,NULL,NULL,1,1,1,'00:02:02','2013-05-13',NULL),(30,'01:20:00','Preteky Prolog Carpathia Couriers Path',3,NULL,NULL,NULL,0.000,0.000,NULL,NULL,NULL,NULL,1,1,3,'00:00:00','2013-05-01',NULL),(31,'01:55:00','Vyjazdenie po preteku',3,NULL,NULL,NULL,51.600,26.600,NULL,NULL,NULL,NULL,1,1,3,'00:00:00','2013-04-29',NULL),(32,'01:00:00','Preteky - Carpathia Couriers Path - vzdal som na prvej horskej prémii',4,NULL,NULL,NULL,30.000,30.000,NULL,NULL,NULL,NULL,1,1,3,'00:00:00','2013-05-03',NULL),(33,'02:00:00','BA - Berg - Kittsse - Gattendorf - Zurndorf a spať',2,NULL,127,169,59.970,30.200,NULL,NULL,NULL,NULL,1,1,2,'00:00:00','2013-05-15',NULL),(34,'02:35:00','BA, Hainburg, Edelstal, Kittse, Jarovce, Čunovo, Petržalka, BA',2,NULL,131,165,75.000,29.200,NULL,NULL,NULL,NULL,1,1,2,'00:00:00','2013-05-16',NULL),(35,'01:00:00','Kompenzačný tréning, trenažér',2,NULL,111,138,0.000,0.000,NULL,NULL,NULL,NULL,7,1,3,'00:00:00','2013-05-17',NULL),(36,'03:45:00','Preteky 1.etapa Gemenc  ',2,NULL,154,185,150.000,40.500,NULL,NULL,NULL,NULL,1,1,2,'00:00:00','2013-05-18',2),(37,'02:30:00','2.etapa Gemenc Cup, rozjazdenie 30min, pretek 14x 5km okruh s kopcom. 16.miesto +1,40´ ',2,NULL,150,180,90.000,36.000,NULL,NULL,NULL,NULL,1,1,2,'00:00:00','2013-05-19',2),(38,'01:00:00','3.etapa Gemenc Cup, mestské kritérium, hladká jazda, skrátené kvôli búrke, nohy boleli, štartoval som zozadu, 10km trápenie potom ma utrhli ',3,NULL,145,178,35.000,35.000,NULL,NULL,NULL,NULL,1,1,3,'00:00:00','2013-05-19',2),(39,'02:40:00','BA - Eckartsau - Orth, po 40km a späť  ',2,NULL,125,160,80.700,30.100,NULL,NULL,NULL,NULL,1,1,2,'00:00:00','2013-05-21',NULL),(40,'03:20:00','BA - Kittse - Prellenkirchen - Rohrau - Petronell - Wildungsmauer - Maria Ellend - Wildungsmauer - Hainburg - Berg - Kittse - Petržalka - intrák ',2,NULL,126,161,101.200,30.300,NULL,NULL,NULL,NULL,1,1,2,'00:00:00','2013-05-22',NULL),(41,'00:00:00',' Choroba   ',4,NULL,NULL,NULL,0.000,0.000,NULL,NULL,NULL,NULL,8,1,3,'00:00:00','2013-05-04',3),(42,'00:00:00','Choroba',4,NULL,NULL,NULL,0.000,0.000,NULL,NULL,NULL,NULL,8,1,3,'00:00:00','2013-05-05',3),(43,'00:00:00','Choroba ',4,NULL,NULL,NULL,0.000,0.000,NULL,NULL,NULL,NULL,8,1,3,'00:00:00','2013-05-06',3),(44,'01:00:00','Zapracovanie pred Zavodom mieru U23',2,NULL,120,160,0.000,0.000,NULL,NULL,NULL,NULL,7,1,3,'00:00:00','2013-05-24',NULL),(45,'01:10:00','prolog Závod mieru U23, zapracovanie 45\', pretek 6\', vyjazdenie 10\'',2,NULL,NULL,NULL,0.000,0.000,NULL,NULL,NULL,NULL,1,1,3,'00:00:00','2013-05-25',2),(46,'02:50:00','Závod mieru 1.etapa, fyzické pocity dobré, tep išiel hore, nohy boli svieže ale zdalo sa mi že sú všetci asi tak o triedu lepší. 112 miesto +2\' 34\" ',2,NULL,154,180,114.000,40.600,NULL,NULL,NULL,NULL,1,1,3,'00:00:00','2013-05-25',2),(47,'04:20:00','2. etapa Závodu mieru, pomerne náročná kopcovitá a rýchla hneď od začiatku, na prvom stúpaní (15km) som zostal až v tretej skupiny, potom sme doskočili do väčšej druhej kde bolo asi 60 ľudí, nakoniec 92. miesto v cieľovom stúpaní, zo 108. finišujúcich, +18\" na víťaza',3,NULL,146,177,155.000,35.000,NULL,NULL,NULL,NULL,1,1,3,'00:00:00','2013-05-26',2),(48,'01:40:00','Vyjazdenie na trenažéri',3,NULL,107,134,0.000,0.000,NULL,NULL,NULL,NULL,7,1,3,'00:00:00','2013-05-27',NULL),(49,'04:00:00','Poprad - Važec - Hybe - Lipt.Hrádok - Lipt.Mikuláš - Sportakus - Lipt.Hrádok - Hybe - Važec - Poprad, v druhej polovici tréningu som kvalitne zmokol :)',1,NULL,136,170,120.000,30.100,NULL,NULL,NULL,NULL,1,1,2,'00:00:00','2013-05-30',NULL),(50,'03:45:00','Poprad - Mlynica - Kežmarok - Sp.Belá - T. Kotlina - T. Lomnica - Smokovce - V. Hágy - Mengusovce - T. Štrba - 1x 15\' T1 na Štrbské pleso, vyjazdenie cez Hágy do PP ',2,NULL,139,177,111.000,29.700,NULL,NULL,NULL,NULL,1,1,2,'00:00:00','2013-05-31',91),(51,'04:00:00','Preteky Slovenský pohár - Krupina',3,NULL,NULL,NULL,145.000,0.000,NULL,NULL,NULL,NULL,1,1,3,'00:00:00','2013-04-28',2),(52,'03:20:00','Preteky Sl.p. Dudince +rozjazd 1,40h + vyjazd 0,40h',2,NULL,NULL,NULL,100.000,0.000,NULL,NULL,NULL,NULL,1,1,3,'00:00:00','2013-04-27',2),(53,'01:40:00','Zapracovanie pred pretekom, v druhej polovici tréningu - podľa pocitu 1-2x stupňovaný úsek v dĺžke do 2 min až do T1     ',2,NULL,NULL,NULL,50.000,30.000,NULL,NULL,NULL,NULL,1,1,3,'00:00:00','2013-04-26',NULL),(54,'03:55:00','Bike 3. den v cykle light',2,NULL,123,169,113.000,28.700,NULL,NULL,NULL,NULL,1,1,3,'00:00:00','2013-04-24',NULL),(55,'04:15:00','2. den v cykle, Letisko Viedeň + Čunovo',2,NULL,129,167,128.000,30.300,NULL,NULL,NULL,NULL,1,1,3,'00:00:00','2013-04-23',NULL),(56,'04:00:00','Gabčíkovo a späť',2,NULL,126,164,118.000,29.600,NULL,NULL,NULL,NULL,1,1,3,'00:00:00','2013-04-22',NULL),(57,'02:00:00','Trenažér',2,NULL,NULL,NULL,0.000,0.000,NULL,NULL,NULL,NULL,7,1,3,'00:00:00','2013-04-19',NULL),(58,'03:00:00','Bike - Rakúsko rovina',1,NULL,130,169,91.870,30.500,NULL,NULL,NULL,NULL,1,1,3,'00:00:00','2013-06-01',NULL),(59,'03:35:00','Bike 3. den v cykle light',2,NULL,125,165,101.000,28.200,NULL,NULL,NULL,NULL,1,1,3,'00:00:00','2013-04-20',NULL),(60,'02:30:00','Bike 1. den v cykle, po hnačke, nové tretry',3,NULL,NULL,NULL,70.540,28.000,NULL,NULL,NULL,NULL,1,1,3,'00:00:00','2013-04-18',NULL),(61,'00:00:00','hnačka',4,NULL,NULL,NULL,0.000,0.000,NULL,NULL,NULL,NULL,8,1,3,'00:00:00','2013-04-15',3),(62,'00:00:00','Hnačka ',4,NULL,NULL,NULL,0.000,0.000,NULL,NULL,NULL,NULL,8,1,3,'00:00:00','2013-04-16',3),(63,'00:00:00','Hnačka ',4,NULL,NULL,NULL,0.000,0.000,NULL,NULL,NULL,NULL,8,1,3,'00:00:00','2013-04-17',3),(64,'00:00:00','T V O - Tréningové voľno',1,NULL,NULL,NULL,0.000,0.000,NULL,NULL,NULL,NULL,8,1,3,'00:00:00','2013-05-14',1),(65,'00:00:00','T V O - Tréningové voľno ',1,NULL,NULL,NULL,0.000,0.000,NULL,NULL,NULL,NULL,8,1,3,'00:00:00','2013-05-20',1),(66,'00:00:00','T V O - Tréningové voľno',1,NULL,NULL,NULL,0.000,0.000,NULL,NULL,NULL,NULL,8,1,3,'00:00:00','2013-05-23',1),(67,'00:00:00','T V O - Tréningové voľno',1,NULL,NULL,NULL,0.000,0.000,NULL,NULL,NULL,NULL,8,1,3,'00:00:00','2013-05-10',1),(68,'00:00:00','Črevná viróza, teplota ',4,NULL,NULL,NULL,0.000,0.000,NULL,NULL,NULL,NULL,8,1,3,'00:00:00','2013-06-03',3),(69,'00:00:00','Črevná viróza, teplota',4,NULL,NULL,NULL,0.000,0.000,NULL,NULL,NULL,NULL,8,1,3,'00:00:00','2013-06-04',3),(70,'01:00:00','Trenažér len na vypotenie',3,NULL,110,140,0.000,0.000,NULL,NULL,NULL,NULL,7,1,3,'00:00:00','2013-06-05',NULL),(71,'01:00:00','Trenažér,',3,NULL,103,140,0.000,0.000,NULL,NULL,NULL,NULL,7,1,3,'00:00:00','2013-06-06',NULL),(72,'02:40:00','Bratislava - Kittsee - Edelstahl - Hainburg - Schlosshof a späť',2,NULL,123,169,78.330,29.600,NULL,NULL,NULL,NULL,1,1,3,'00:00:00','2013-06-07',NULL),(73,'03:00:00','',2,NULL,142,162,61.000,30.300,NULL,NULL,NULL,NULL,5,7,3,'00:00:00','2013-06-10',NULL),(74,'02:50:00','',2,NULL,139,159,55.000,19.500,NULL,NULL,NULL,NULL,5,7,3,'00:00:00','2013-06-09',NULL),(75,'04:00:00','',2,NULL,133,171,123.000,30.800,NULL,NULL,NULL,NULL,1,1,3,'00:00:00','2013-06-09',NULL),(76,'04:00:00','BA - Wolfstahl - Kittse - Prellenkirchen - Rohrau - Bruck - Rohrau - Petronell - Wildungsmauer - Petronell - Hainburg - 1x T1 Braunsberg za 7:50 - Wolfstahl - Hainburg - 1x T1 Braunsber za 8:07 - Wolftstahl - Petržalka - Most SNP - intrák',1,NULL,134,184,118.000,29.400,NULL,NULL,NULL,NULL,1,1,2,'00:00:00','2013-06-10',91),(77,'02:00:00','Vonku pršalo tak len trenažér na pohodu, veľmi dobre som sa cítil aj po včerajšom náročnom tréningu',1,NULL,113,143,0.000,0.000,NULL,NULL,NULL,NULL,7,1,3,'00:00:00','2013-06-11',NULL),(78,'03:35:00','BA - Hainburg, Marchegg, Lasse, Leopoldsdorf, Orth, Pframa, Lasse, Marchegg, Hainburg - BA',1,NULL,133,165,112.700,31.700,NULL,NULL,NULL,NULL,1,1,2,'00:00:00','2013-06-13',NULL),(79,'01:15:00','Kompenzačný tréning, odskúšanie disku... ',2,NULL,120,169,34.000,27.200,NULL,NULL,NULL,NULL,1,1,3,'00:00:00','2013-06-14',NULL),(80,'02:30:00','M SR - 3. miesto, časovka družstiev\r\nrozjazd 55\', pretek 1,07h - 51km, vyjazd 15\'\r\nSchwabik - Mačák - Krestianko - Zaťko',2,NULL,NULL,NULL,81.000,32.400,NULL,NULL,NULL,NULL,1,1,2,'00:00:00','2013-06-15',2),(81,'04:10:00','Masters Čachtice, 5. miesto\r\nrozjazd 1h, pretek 3h, vyjazd 10\'',2,NULL,NULL,NULL,150.000,35.900,NULL,NULL,NULL,NULL,1,1,2,'00:00:00','2013-06-16',2),(82,'03:00:00','BA - Čunovo - Kittse - Berg - BA - Čunovo a spať BA',2,NULL,129,160,91.600,30.600,NULL,NULL,NULL,NULL,1,1,2,'00:00:00','2013-06-18',NULL),(83,'04:00:00','BA - Nickelsdorf - Hegeyshalom - Rajka - Čunovo - BA - Rovinka - Dunajská Lužná - Hamuliakovo - po hrádzi do BA',1,NULL,135,171,125.000,31.600,NULL,NULL,NULL,NULL,1,1,2,'00:00:00','2013-06-19',NULL),(84,'03:05:00','BA - Prellenkirchen - Bruck - Kaisersteinbruch - Winden am See - Neusiedl - Parndorf - Kittse - cez Kopčiansku do BA',2,NULL,131,169,99.800,32.200,NULL,NULL,NULL,NULL,1,1,2,'00:00:00','2013-06-20',NULL),(85,'01:30:00','Zapracovanie pre MSR, prejazd okruhom A',1,NULL,130,172,47.500,31.500,NULL,NULL,NULL,NULL,1,1,2,'00:00:00','2013-06-22',NULL),(86,'03:30:00','MSR - 6 okruhov cez hrabovku v top forme, potom žiaľ  kŕčoch lebo som nemal vodu',1,NULL,154,189,140.000,40.000,NULL,NULL,NULL,NULL,1,1,2,'00:00:00','2013-06-23',2),(87,'03:30:00','Poprad - Liptovský Hrádok a späť',2,NULL,142,167,97.910,28.000,NULL,NULL,NULL,NULL,1,1,3,'00:00:00','2013-04-14',NULL),(88,'04:15:00','GP Sencur Slovenia - UCI 1.2 Elite',2,NULL,NULL,NULL,170.000,40.000,NULL,NULL,NULL,NULL,1,1,3,'00:00:00','2013-04-07',2),(89,'02:00:00','Vyjazdenie',1,NULL,NULL,NULL,55.000,27.500,NULL,NULL,NULL,NULL,1,1,3,'00:00:00','2013-04-08',NULL),(90,'01:00:00','Rozjazdenie - Slovinsko',2,NULL,NULL,NULL,30.000,30.000,NULL,NULL,NULL,NULL,1,1,3,'00:00:00','2013-04-06',NULL),(91,'03:00:00','Bike 3. den v cykle',2,NULL,NULL,NULL,89.540,29.800,NULL,NULL,NULL,NULL,1,1,3,'00:00:00','2013-03-20',NULL),(92,'03:30:00','Bike 3. den v cykle',2,NULL,NULL,NULL,104.000,29.800,NULL,NULL,NULL,NULL,1,1,3,'00:00:00','2013-03-12',NULL),(93,'02:00:00','Bike 2. den v cykle, zmokol som tak skrátený tréning',2,NULL,135,167,60.440,30.100,NULL,NULL,NULL,NULL,1,1,3,'00:00:00','2013-03-11',NULL),(94,'03:00:00','Tchibo Cup AUT - Leonding - absolvoval som 6 veľkých okruhov',3,NULL,NULL,NULL,120.000,40.000,NULL,NULL,NULL,NULL,1,1,3,'00:00:00','2013-03-31',2),(95,'01:30:00','Trenažér vyjazdenie',2,NULL,NULL,NULL,0.000,0.000,NULL,NULL,NULL,NULL,7,1,3,'00:00:00','2013-03-24',NULL),(96,'02:00:00','Trenažér - v PP - sneh',2,NULL,NULL,NULL,0.000,0.000,NULL,NULL,NULL,NULL,7,1,3,'00:00:00','2013-03-26',NULL),(97,'02:30:00','Trenažér - v PP - sneh',2,NULL,NULL,NULL,0.000,0.000,NULL,NULL,NULL,NULL,7,1,3,'00:00:00','2013-03-27',NULL),(98,'02:30:00','Trenažér - v PP - sneh',2,NULL,NULL,NULL,0.000,0.000,NULL,NULL,NULL,NULL,7,1,3,'00:00:00','2013-03-28',NULL),(99,'01:30:00','Zapracovanie pred pretekom',2,NULL,NULL,NULL,0.000,0.000,NULL,NULL,NULL,NULL,7,1,3,'00:00:00','2013-03-30',NULL),(100,'03:00:00','Košice Miskolc ',3,NULL,NULL,NULL,120.000,40.000,NULL,NULL,NULL,NULL,1,1,3,'00:00:00','2013-03-23',2),(101,'01:00:00','Rozjazdenie pred pretekom\r\n',2,NULL,NULL,NULL,0.000,0.000,NULL,NULL,NULL,NULL,7,1,3,'00:00:00','2013-03-22',NULL),(102,'04:10:00','Bike rakúsko - rovina',2,NULL,130,NULL,118.000,28.500,NULL,NULL,NULL,NULL,1,1,3,'00:00:00','2013-03-02',NULL),(103,'04:50:00','Bike - rakúsko rovina',2,NULL,131,NULL,138.000,28.000,NULL,NULL,NULL,NULL,1,1,3,'00:00:00','2013-03-03',NULL),(104,'04:05:00','Bike rakúsko',2,NULL,134,NULL,120.000,29.300,NULL,NULL,NULL,NULL,1,1,3,'00:00:00','2013-03-04',NULL),(105,'02:30:00','AUT - Parndorf',2,NULL,NULL,NULL,69.240,27.100,NULL,NULL,NULL,NULL,1,1,3,'00:00:00','2013-03-06',NULL),(106,'02:30:00','Čunovo - hrádza',2,NULL,NULL,NULL,75.000,30.000,NULL,NULL,NULL,NULL,1,1,3,'00:00:00','2013-03-07',NULL),(107,'03:00:00','Bike - AUT',2,NULL,129,164,86.900,29.000,NULL,NULL,NULL,NULL,1,1,3,'00:00:00','2013-03-08',NULL),(108,'02:00:00','Trenažér',1,NULL,NULL,NULL,0.000,0.000,NULL,NULL,NULL,NULL,7,1,3,'00:00:00','2013-03-10',NULL),(109,'01:00:00','Kompenzácie trenažér',2,NULL,NULL,NULL,0.000,0.000,NULL,NULL,NULL,NULL,7,1,3,'00:00:00','2013-02-26',NULL),(110,'01:30:00','Trenažér\r\n',2,NULL,NULL,NULL,0.000,0.000,NULL,NULL,NULL,NULL,7,1,3,'00:00:00','2013-02-27',NULL),(111,'01:30:00','Trenažér',2,NULL,NULL,NULL,0.000,0.000,NULL,NULL,NULL,NULL,7,1,3,'00:00:00','2013-02-28',NULL),(112,'04:10:00','Chorvátsko posledný deň',2,NULL,NULL,NULL,128.000,31.100,NULL,NULL,NULL,NULL,1,1,3,'00:00:00','2013-02-23',NULL),(113,'04:00:00','Chorvátsko - 5. tréning po dni voľna',2,NULL,NULL,NULL,120.000,30.000,NULL,NULL,NULL,NULL,1,1,3,'00:00:00','2013-02-22',NULL),(114,'03:30:00','Chorvátsko 4. tréning',2,NULL,NULL,NULL,101.000,29.000,NULL,NULL,NULL,NULL,1,1,3,'00:00:00','2013-02-20',NULL),(115,'04:45:00','Chorvátsko - 3. tréning',2,NULL,125,NULL,145.000,30.300,NULL,NULL,NULL,NULL,1,1,3,'00:00:00','2013-02-19',NULL),(116,'03:40:00','Chorvátsko 2. den',2,NULL,130,NULL,110.000,30.100,NULL,NULL,NULL,NULL,1,1,3,'00:00:00','2013-02-18',NULL),(117,'03:20:00','Chorvátsko - Prvý deň, Vodice - Zadar - Vodice',2,NULL,NULL,NULL,100.000,30.000,NULL,NULL,NULL,NULL,1,1,3,'00:00:00','2013-02-17',NULL),(118,'02:00:00','Trenažér',2,NULL,NULL,NULL,0.000,0.000,NULL,NULL,NULL,NULL,7,1,3,'00:00:00','2013-01-02',NULL),(119,'01:00:00','Posilňovanie - upper body',2,NULL,NULL,NULL,0.000,0.000,NULL,NULL,NULL,NULL,7,1,3,'00:00:00','2013-01-03',NULL),(120,'02:30:00','Trenažér 2x4\' T1 prevod 53x17',1,NULL,132,182,0.000,0.000,NULL,NULL,NULL,NULL,7,1,3,'00:00:00','2013-01-03',NULL),(121,'01:00:00','Posilnovanie lower body',2,NULL,NULL,NULL,0.000,0.000,NULL,NULL,NULL,NULL,7,1,3,'00:00:00','2013-01-04',NULL),(122,'02:20:00','MTB Smokovce',2,NULL,NULL,NULL,0.000,0.000,NULL,NULL,NULL,NULL,1,1,3,'00:00:00','2013-01-04',NULL),(123,'01:30:00','Trenažér',2,NULL,NULL,NULL,0.000,0.000,NULL,NULL,NULL,NULL,7,1,3,'00:00:00','2013-01-07',NULL),(124,'01:00:00','Posilnovanie',2,NULL,NULL,NULL,0.000,0.000,NULL,NULL,NULL,NULL,7,1,3,'00:00:00','2013-01-08',NULL),(125,'01:00:00','Posilnovanie lower body',2,NULL,NULL,NULL,0.000,0.000,NULL,NULL,NULL,NULL,7,1,3,'00:00:00','2013-01-09',NULL),(126,'02:30:00','Trenažér',2,NULL,NULL,NULL,0.000,0.000,NULL,NULL,NULL,NULL,7,1,3,'00:00:00','2013-01-09',NULL),(127,'02:00:00','Trenažér',2,NULL,NULL,NULL,0.000,0.000,NULL,NULL,NULL,NULL,7,1,3,'00:00:00','2013-01-11',NULL),(128,'01:00:00','Posilnovanie upper body',2,NULL,NULL,NULL,0.000,0.000,NULL,NULL,NULL,NULL,7,1,3,'00:00:00','2013-01-12',NULL),(129,'02:30:00','Trenažér intervalový tréning 1x3\' + 2x4\' T1',2,NULL,128,180,0.000,0.000,NULL,NULL,NULL,NULL,7,1,3,'00:00:00','2013-01-12',NULL),(130,'01:00:00','Posilnovanie - lower body',2,NULL,NULL,NULL,0.000,0.000,NULL,NULL,NULL,NULL,7,1,3,'00:00:00','2013-01-13',NULL),(131,'02:30:00','Trenažér',2,NULL,NULL,NULL,0.000,0.000,NULL,NULL,NULL,NULL,7,1,3,'00:00:00','2013-01-13',NULL),(132,'02:00:00','Trenažér',2,NULL,NULL,NULL,0.000,0.000,NULL,NULL,NULL,NULL,7,1,3,'00:00:00','2013-01-15',NULL),(133,'01:00:00','Posilnovanie - lower body - vyššie váhy',2,NULL,NULL,NULL,0.000,0.000,NULL,NULL,NULL,NULL,7,1,3,'00:00:00','2013-01-16',NULL),(134,'02:00:00','Trenažér',2,NULL,127,165,0.000,0.000,NULL,NULL,NULL,NULL,7,1,3,'00:00:00','2013-01-16',NULL),(135,'01:00:00','Posilnovanie - upper body',2,NULL,NULL,NULL,0.000,0.000,NULL,NULL,NULL,NULL,7,1,3,'00:00:00','2013-01-17',NULL),(136,'02:00:00','Trenažér',2,NULL,NULL,NULL,0.000,0.000,NULL,NULL,NULL,NULL,7,1,3,'00:00:00','2013-01-17',NULL),(137,'02:00:00','Trenažér  ',2,NULL,NULL,NULL,0.000,0.000,NULL,NULL,NULL,NULL,7,1,3,'00:00:00','2013-01-19',NULL),(138,'01:00:00','Posilnovanie - upper body',2,NULL,NULL,NULL,0.000,0.000,NULL,NULL,NULL,NULL,7,1,3,'00:00:00','2013-01-20',NULL),(139,'02:30:00','Trenažér 2x4\' + 1x5\' T1 ',2,NULL,127,183,0.000,0.000,NULL,NULL,NULL,NULL,7,1,3,'00:00:00','2013-01-20',NULL),(140,'01:00:00','Posilnovanie - lower body',2,NULL,NULL,NULL,0.000,0.000,NULL,NULL,NULL,NULL,7,1,3,'00:00:00','2013-01-21',NULL),(141,'02:00:00','Trenažér ',2,NULL,NULL,NULL,0.000,0.000,NULL,NULL,NULL,NULL,7,1,3,'00:00:00','2013-01-21',NULL),(142,'02:00:00','Trenažér',2,NULL,125,156,0.000,0.000,NULL,NULL,NULL,NULL,7,1,3,'00:00:00','2013-01-24',NULL),(143,'01:00:00','Posilnovanie lower body - vyššie váhy miesto intervalového tréningu - final séria - legpress: 200kg, zakopávanie 37kg, predkopávanie 80kg, mŕtvy ťah 95kg, + lýtka',2,NULL,NULL,NULL,0.000,0.000,NULL,NULL,NULL,NULL,7,1,3,'00:00:00','2013-01-25',NULL),(144,'02:30:00','Trenažér',2,NULL,123,150,0.000,0.000,NULL,NULL,NULL,NULL,7,1,3,'00:00:00','2013-01-25',NULL),(145,'01:00:00','Posilnovanie - upper body',2,NULL,NULL,NULL,0.000,0.000,NULL,NULL,NULL,NULL,7,1,3,'00:00:00','2013-01-26',NULL),(146,'02:00:00','Vyjazdenie',2,NULL,NULL,NULL,55.000,27.500,NULL,NULL,NULL,NULL,1,1,3,'00:00:00','2013-04-01',NULL),(147,'02:30:00','Bike',2,NULL,NULL,NULL,75.000,30.000,NULL,NULL,NULL,NULL,1,1,3,'00:00:00','2013-04-03',NULL),(148,'03:00:00','Bike',2,NULL,NULL,NULL,90.000,30.000,NULL,NULL,NULL,NULL,1,1,3,'00:00:00','2013-04-04',NULL),(149,'00:00:00','Oraz 5 dní',1,NULL,NULL,NULL,0.000,0.000,NULL,NULL,NULL,NULL,8,1,3,'00:00:00','2013-04-10',NULL),(150,'02:30:00','Bike',2,NULL,NULL,NULL,75.000,30.000,NULL,NULL,NULL,NULL,1,1,3,'00:00:00','2013-03-14',NULL),(151,'03:30:00','Bike',2,NULL,NULL,NULL,105.000,30.000,NULL,NULL,NULL,NULL,1,1,3,'00:00:00','2013-03-15',NULL),(152,'03:00:00','Bike',2,NULL,NULL,NULL,90.000,30.000,NULL,NULL,NULL,NULL,1,1,3,'00:00:00','2013-03-16',NULL),(153,'03:30:00','Bike',2,NULL,NULL,NULL,105.000,30.000,NULL,NULL,NULL,NULL,1,1,3,'00:00:00','2013-03-19',NULL),(154,'02:30:00','Bike',2,NULL,NULL,NULL,75.000,30.000,NULL,NULL,NULL,NULL,1,1,3,'00:00:00','2013-03-18',NULL),(155,'02:00:00','Trenažér',2,NULL,NULL,NULL,0.000,0.000,NULL,NULL,NULL,NULL,7,1,3,'00:00:00','2013-01-28',NULL),(156,'01:00:00','Posilnovanie - upper body',2,NULL,NULL,NULL,0.000,0.000,NULL,NULL,NULL,NULL,7,1,3,'00:00:00','2013-01-29',NULL),(157,'02:30:00','Trenažér ',2,NULL,NULL,NULL,0.000,0.000,NULL,NULL,NULL,NULL,7,1,3,'00:00:00','2013-01-29',NULL),(158,'01:00:00','Posilnovanie - lower body',2,NULL,NULL,NULL,0.000,0.000,NULL,NULL,NULL,NULL,7,1,3,'00:00:00','2013-01-30',NULL),(159,'02:30:00','Trenažér',2,NULL,NULL,NULL,0.000,0.000,NULL,NULL,NULL,NULL,7,1,3,'00:00:00','2013-01-30',NULL),(160,'02:00:00','Trenažér',2,NULL,NULL,NULL,0.000,0.000,NULL,NULL,NULL,NULL,7,1,3,'00:00:00','2013-02-01',NULL),(161,'01:00:00','Posilnovanie - upper body',2,NULL,NULL,NULL,0.000,0.000,NULL,NULL,NULL,NULL,7,1,3,'00:00:00','2013-02-02',NULL),(162,'02:30:00','Trenažér ',2,NULL,NULL,NULL,0.000,0.000,NULL,NULL,NULL,NULL,7,1,3,'00:00:00','2013-02-02',NULL),(163,'01:00:00','Posilnovanie - lower body',2,NULL,NULL,NULL,0.000,0.000,NULL,NULL,NULL,NULL,7,1,3,'00:00:00','2013-02-03',NULL),(164,'02:30:00','Trenažér',2,NULL,NULL,NULL,0.000,0.000,NULL,NULL,NULL,NULL,7,1,3,'00:00:00','2013-02-03',NULL),(165,'02:00:00','Trenažér',2,NULL,NULL,NULL,0.000,0.000,NULL,NULL,NULL,NULL,7,1,3,'00:00:00','2013-02-05',NULL),(166,'01:00:00','Posilnovanie - upper body',2,NULL,NULL,NULL,0.000,0.000,NULL,NULL,NULL,NULL,7,1,3,'00:00:00','2013-02-06',NULL),(167,'02:30:00','Trenažér ',2,NULL,NULL,NULL,0.000,0.000,NULL,NULL,NULL,NULL,7,1,3,'00:00:00','2013-02-06',NULL),(168,'01:00:00','Posilnovanie - lower body',2,NULL,NULL,NULL,0.000,0.000,NULL,NULL,NULL,NULL,7,1,3,'00:00:00','2013-02-07',NULL),(169,'02:30:00','Trenažér',2,NULL,NULL,NULL,0.000,0.000,NULL,NULL,NULL,NULL,7,1,3,'00:00:00','2013-02-07',NULL),(170,'02:00:00','Trenažér',2,NULL,NULL,NULL,0.000,0.000,NULL,NULL,NULL,NULL,7,1,3,'00:00:00','2013-02-09',NULL),(171,'01:00:00','Posilnovanie - upper body',2,NULL,NULL,NULL,0.000,0.000,NULL,NULL,NULL,NULL,7,1,3,'00:00:00','2013-02-10',NULL),(172,'02:30:00','Trenažér ',2,NULL,NULL,NULL,0.000,0.000,NULL,NULL,NULL,NULL,7,1,3,'00:00:00','2013-02-10',NULL),(173,'01:00:00','Posilnovanie - lower body',2,NULL,NULL,NULL,0.000,0.000,NULL,NULL,NULL,NULL,7,1,3,'00:00:00','2013-02-11',NULL),(174,'02:30:00','Trenažér',2,NULL,NULL,NULL,0.000,0.000,NULL,NULL,NULL,NULL,7,1,3,'00:00:00','2013-02-11',NULL),(175,'02:00:00','Trenažér',2,NULL,NULL,NULL,0.000,0.000,NULL,NULL,NULL,NULL,7,1,3,'00:00:00','2013-02-13',NULL),(176,'01:00:00','Posilnovanie - lower body ',2,NULL,NULL,NULL,0.000,0.000,NULL,NULL,NULL,NULL,7,1,3,'00:00:00','2013-02-14',NULL),(177,'02:30:00','Trenažér ',2,NULL,NULL,NULL,0.000,0.000,NULL,NULL,NULL,NULL,7,1,3,'00:00:00','2013-02-14',NULL),(179,'01:30:00','Trenažér ',2,NULL,NULL,NULL,0.000,0.000,NULL,NULL,NULL,NULL,7,1,3,'00:00:00','2013-02-15',NULL),(180,'01:00:00','Vyjazdenie na trenažéri, natiahnutá achilovka, ale inak som bol menej unavený ako obvykle po preteku',2,NULL,NULL,NULL,0.000,0.000,NULL,NULL,NULL,NULL,7,1,3,'00:00:00','2013-06-24',NULL),(181,'03:55:00','BA - Hainburg - Lasse - Leopoldsdorf - Obersiebenbrun - Ganserndorf - Weikendorf - Schonfeld - Marchegg - Haniburg - BA',2,NULL,129,165,121.200,31.000,NULL,NULL,NULL,NULL,1,1,2,'00:00:00','2013-06-26',NULL),(182,'04:10:00','BA - Hainburg - Maria Ellend - Gottlesbrunn - Bruck/Leitha - Kaissersteinbruch 4x 4.30\' T1 na vrchol kopca - Winden - Neusiedl/See - Kittse - Berg - Bratislava',2,NULL,136,179,130.170,31.200,NULL,NULL,NULL,NULL,1,1,2,'00:00:00','2013-06-27',91),(183,'05:00:00','BA - Lasse - Leopoldsdorf - Raasdorf - Deutsh Wagram - Obersdorf - Wolkersdorf - Reyersdorf - Ganserndorf - Weikendorf - Oberweiden - Schonfeld - Lasse - BA',2,NULL,125,165,151.300,30.300,NULL,NULL,NULL,NULL,1,1,2,'00:00:00','2013-06-28',NULL),(184,'04:05:00','BA - Orth - Gross-Enzersdorf - Rassdorf - Leopoldsdorf - Lasse - Breitensee - Groissenbrunn - Hainburg - BA',2,NULL,128,173,122.230,30.100,NULL,NULL,NULL,NULL,1,1,2,'00:00:00','2013-06-30',NULL),(185,'04:00:00','BA - Čunovo - Kitsse - Berg 1x3\' T1 na kopec - Prellenkirchen - Bruck - Wilfeinsdorf 1x8.30\' T1, najprv rovina, koniec na kopci. Neusiedl - Parndorf - Kittse - Berg - BA, Výborne sa mi išli tie intervaly, aj zo sedla riadne bomby ',1,NULL,136,181,129.500,32.300,NULL,NULL,NULL,NULL,1,1,1,'00:00:00','2013-07-01',91),(186,'03:40:00','BA - Čunovo - Kittse - Edelstahl - Hainburg - Braunsberg - Hainburg - Wolfstahl - Kittse - Čunovo - BA ',1,NULL,134,167,116.900,32.500,NULL,NULL,NULL,NULL,1,1,2,'00:00:00','2013-07-02',NULL),(187,'01:10:00','Kompenzácia - BA - Hainburg zľahka',2,NULL,110,151,30.000,27.000,NULL,NULL,NULL,NULL,1,1,3,'00:00:00','2013-07-03',1),(188,'01:40:00','Zapracovanie, BA - Hainburg, smer Marchegg po 26km a späť',2,NULL,135,175,52.120,31.800,NULL,NULL,NULL,NULL,1,1,3,'00:00:00','2013-07-05',NULL),(189,'03:50:00','Český pohár - Nové mesto na Morave',2,NULL,156,185,145.000,37.820,NULL,NULL,NULL,NULL,1,1,3,'00:00:00','2013-07-06',2),(190,'01:40:00','Vyjazdenie - Rakúsko',3,NULL,123,158,49.180,29.700,NULL,NULL,NULL,NULL,1,1,3,'00:00:00','2013-07-07',NULL),(191,'04:00:00','rovinka v rakúsku, 2 okruhy Wolfstahl, Edelstahl, Prellenkirchen, Rohrau, Petronell, Hainburg',2,NULL,130,176,123.000,31.000,NULL,NULL,NULL,NULL,1,1,2,'00:00:00','2013-07-09',NULL),(192,'02:10:00','rovina rakúsko',2,NULL,128,176,68.750,31.200,NULL,NULL,NULL,NULL,1,1,3,'00:00:00','2013-07-10',NULL),(193,'03:10:00','BA - Hainburg - Lasse - Oberweiden - Zwerndorf - Marchegg - Haingburg - BA',2,NULL,128,161,99.430,31.500,NULL,NULL,NULL,NULL,1,1,3,'00:00:00','2013-07-11',NULL),(194,'04:00:00','Ba - Hainburg - Lasse - Weikendorf - Ganserndorf - Angern - Zwerndorf - Marchegg - Breitensee - Lasse - Schlosshof - Devínska nová Ves - Lamač - Dúbravka',2,NULL,129,168,125.280,31.300,NULL,NULL,NULL,NULL,1,1,2,'00:00:00','2013-07-13',NULL),(195,'04:00:00','BA - Hainburg - Edelstahl - Kittse - Čunovo - Petržalka - 2x13\' T1 do Čunova - vyjazdenie cez Kittse - Berg - BA',1,NULL,132,182,124.460,31.100,NULL,NULL,NULL,NULL,1,1,3,'00:00:00','2013-07-14',91),(197,'05:15:00','Ba - Hainburg - Marchegg - Angern - Hohenau - Bernhardsthal a späť cez Marchegg - Markthof - Devínsku novú ves - Devín - BA',2,NULL,128,167,164.000,31.400,NULL,NULL,NULL,NULL,1,1,2,'00:00:00','2013-07-15',NULL),(198,'03:10:00','BA - Čunovo - Kittsee - Gattendorf - Potzneusiedl - Prellenkirche - Rohrau - Petronell - Hainburg - BA',2,NULL,125,158,97.650,31.000,NULL,NULL,NULL,NULL,1,1,3,'00:00:00','2013-07-17',NULL),(199,'04:40:00','Poprad - Tatr.Kotlina - Lomnica - Tatr.Polianka - 27:30 T1 na Sliezky dom, Tatr.Polianka, V.Hágy, Štrbské pleso, Tatr.Štrba, Poprad, Mlynica, Matejovce, Poprad',2,NULL,134,176,137.700,29.500,NULL,NULL,NULL,NULL,1,1,3,'00:00:00','2013-07-18',91),(200,'04:40:00','Poprad - Kežmarok - T.Kotlina - T. Lomnica - Smokovce - V.Hágy - Štrbské pleso - Podbanské - Lipt. Hrádok - Hybe - Východná - Važec - Poprad',2,NULL,127,161,149.300,31.500,NULL,NULL,NULL,NULL,1,1,2,'00:00:00','2013-07-19',NULL),(201,'01:20:00','PP - Tatr. Štrba - PP',2,NULL,116,147,41.000,30.600,NULL,NULL,NULL,NULL,1,1,3,'00:00:00','2013-07-21',NULL),(202,'03:45:00','Poprad - Važec - Hybe - Lipt. Hrádok - Lipt. Mikuláš - Sportakus - a spať',2,NULL,133,171,119.000,31.700,NULL,NULL,NULL,NULL,1,1,3,'00:00:00','2013-07-22',NULL),(203,'03:55:00','PP - Hranovnica - Sp. Bystré - Poprad - V.Lomnica - T. Lomnica - Smokovce - Poprad - Batizovce - T. Polianka - Štrbské pleso - T. Štrba - Svit - Poprad ',2,NULL,133,174,120.000,30.600,NULL,NULL,NULL,NULL,1,1,2,'00:00:00','2013-07-23',NULL),(204,'01:20:00','PP - T. Štrba a spať',2,NULL,123,153,41.000,30.800,NULL,NULL,NULL,NULL,1,1,3,'00:00:00','2013-07-24',NULL),(205,'01:35:00','Zapracovanie - Poprad - Važec a späť',1,NULL,141,175,50.500,32.300,NULL,NULL,NULL,NULL,1,1,2,'00:00:00','2013-07-26',NULL),(206,'06:00:00','Tatry Tour - veľmi zlé, zahltený, dehydratovaný, kŕče a na defekte posledných 20 km ',4,NULL,160,190,200.000,33.300,NULL,NULL,NULL,NULL,1,1,3,'00:00:00','2013-07-27',NULL),(207,'01:00:00','Vyjazdenie',3,NULL,NULL,NULL,26.000,26.000,NULL,NULL,NULL,NULL,1,1,3,'00:00:00','2013-07-28',NULL),(208,'02:00:00','Važec a spať do PP',2,NULL,124,154,60.000,30.000,NULL,NULL,NULL,NULL,1,1,3,'00:00:00','2013-07-31',NULL),(209,'02:15:00','Poprad - Mlynica - V.Lomnica - T.Lomnica - T.kotlina - Kežmarok - Poprad ',2,NULL,132,168,72.000,31.700,NULL,NULL,NULL,NULL,1,1,3,'00:00:00','2013-08-02',NULL),(210,'03:00:00','BA - Hrádza po 46km a späť',2,NULL,135,170,92.000,30.800,NULL,NULL,NULL,NULL,1,1,3,'00:00:00','2013-08-06',NULL),(214,'04:10:00','Ba - Rakúsko - Čunovo - BA',2,NULL,132,165,121.000,29.000,NULL,NULL,NULL,NULL,1,1,3,'00:00:00','2013-08-07',NULL),(215,'04:20:00','BA - Hainburg - Petronell - Bruck - Parndorf - Gattendorf - Prellenkirchen - Edelsthal - Berg - Zollamt Berg - Berg - Kittsse - Čunovo - BA',2,NULL,134,173,129.370,29.900,NULL,NULL,NULL,NULL,1,1,3,'00:00:00','2013-08-08',NULL),(216,'03:40:00','Ľahký tréning, rovina v AUT',2,NULL,125,154,110.000,30.000,NULL,NULL,NULL,NULL,1,1,2,'00:00:00','2013-08-10',NULL),(217,'02:10:00','Plánoval som rýchly tréning ale kvôli defektu a tomu že som nemal rezervu som to musel vynechať a skrátiť',2,NULL,125,174,62.500,29.000,NULL,NULL,NULL,NULL,1,1,3,'00:00:00','2013-08-11',NULL),(218,'04:25:00','BA - rákusko + 1x 17\' T1 v druhej polovici tréningu ',2,NULL,134,180,133.700,30.200,NULL,NULL,NULL,NULL,1,1,2,'00:00:00','2013-08-12',91),(219,'04:10:00','Rakúsko, vytrvalosť...pohoda',2,NULL,122,155,125.000,30.000,NULL,NULL,NULL,NULL,1,1,3,'00:00:00','2013-08-13',NULL),(220,'04:05:00','Rkúsko + niesol som koleso prvú hodinu do Lodenice a späť, preto ten priemer :) ale inak som to tiež veľmi nehnal',2,NULL,125,163,114.000,28.000,NULL,NULL,NULL,NULL,1,1,2,'00:00:00','2013-08-15',NULL),(221,'04:10:00','Zapracovanie - Hainburg - Prellenkirchen - Rusovce - 2x 11\' T1 po hrádzi za Čunovom. Prvý interval priemer 43.63 km/h, druhý iba okolo 42, pretože som mal nohy celkom našrot. Ale aj tak s pomerne slabým vetrom v chrbte a mäkkými gumami vcelku v dobré úseky. Tep až do 186... spolu 17\' čistých minút v T1.',1,NULL,138,186,125.800,30.200,NULL,NULL,NULL,NULL,1,1,3,'00:00:00','2013-08-16',91),(222,'04:00:00','BA - Prellenkirchen - Rohrau - Petronell - Hainburg - Braunsberg - Berg - Prellenkirchen - Hainburg - Braunsberg - BA - po hrázdi vyjazdenie a domov',2,NULL,132,173,121.390,30.100,NULL,NULL,NULL,NULL,1,1,2,'00:00:00','2013-08-17',NULL),(223,'01:15:00','Vyjazdenie, pomaličky',2,NULL,112,143,31.970,25.500,NULL,NULL,NULL,NULL,1,1,3,'00:00:00','2013-08-18',NULL),(224,'01:30:00','Bike, krátky tréning na pohodu.',1,NULL,127,165,46.300,29.500,NULL,NULL,NULL,NULL,1,1,3,'00:00:00','2013-08-20',NULL),(225,'05:05:00','S Filipom Taragelom - Kopce, Biely kríž, Pezinská baba, Káva v Devínskej, Hainburg - Prellenkirchen - Kittse - Berg - BA',2,NULL,139,181,152.220,29.900,NULL,NULL,NULL,NULL,1,1,3,'00:00:00','2013-08-21',NULL),(226,'01:35:00','Berg, Edelstahl, Prellenkirchen, Hainburg, Wolfstahl, BA',2,NULL,127,156,45.960,29.200,NULL,NULL,NULL,NULL,1,1,3,'00:00:00','2013-08-22',NULL),(227,'01:45:00','Zapracovanie, ale úplne nahovno, nevedel som sa rozjazdiť, nízky tep a oťapené nohy',3,NULL,125,161,55.440,31.300,NULL,NULL,NULL,NULL,1,1,3,'00:00:00','2013-08-24',NULL),(228,'04:35:00','Preteky - Slovenský pohár Kláštor pod Znievom ',2,NULL,150,185,170.000,37.100,NULL,NULL,NULL,NULL,1,1,3,'00:00:00','2013-08-25',2),(229,'01:30:00','Vyjazdenie',2,NULL,119,154,42.000,28.000,NULL,NULL,NULL,NULL,1,1,3,'00:00:00','2013-08-26',NULL),(230,'03:50:00','Poprad - Mlynica - V.lomnica - T.Lomnica - Kotlina - Kežmarok - Mlynica - Poprad - T.Štrba - Poprad',2,NULL,132,169,120.000,31.200,NULL,NULL,NULL,NULL,1,1,3,'00:00:00','2013-08-28',NULL),(231,'03:50:00','Štrbské pleso 2x',2,NULL,141,169,120.360,31.400,NULL,NULL,NULL,NULL,1,1,2,'00:00:00','2013-08-29',NULL),(232,'03:55:00','PP - Svit - PP - Mlynica - V.Lmnica - T. Lomnica - Smokovce - V.hágy - Svit - Batizovce - Svit - T. Štrba - Štrba - Šuňava - Lučivná - Svit - Poprad',2,NULL,130,170,121.310,31.000,NULL,NULL,NULL,NULL,1,1,2,'00:00:00','2013-08-31',NULL),(233,'04:00:00','PP - Važec - PP - Mengusovce - V.Hágy - Štrbské pleso - PP',2,NULL,134,168,122.000,30.500,NULL,NULL,NULL,NULL,1,1,3,'00:00:00','2013-09-01',NULL),(234,'00:00:00','DOVOLENKA CHORVÁTSKO',1,NULL,NULL,NULL,0.000,0.000,NULL,NULL,NULL,NULL,8,1,3,'00:00:00','2013-09-03',1),(235,'01:55:00','Ľahká jazda',1,NULL,NULL,NULL,55.000,30.500,NULL,NULL,NULL,NULL,1,1,3,'00:00:00','2013-09-10',NULL),(236,'02:00:00','Trošku som zmokol. inak fajn, pomaly ľahko',1,NULL,128,161,56.500,28.500,NULL,NULL,NULL,NULL,1,1,3,'00:00:00','2013-09-11',NULL),(237,'04:00:00','Poprad - Lipt.Mikuláš - Sportakus - T.Štrba - studnička - Mengusovce - Poprad',1,NULL,143,178,123.000,30.500,NULL,NULL,NULL,NULL,1,1,3,'00:00:00','2013-09-12',NULL),(239,'02:30:00','M SR v časovke do vrchu. Zapracovanie 2 hodiny (o hodinu viac kvôli posunutému štartu) a pretek 30 min. /plne zle nevedel som sa rozdýchať',3,NULL,NULL,NULL,0.000,0.000,NULL,NULL,NULL,NULL,1,1,3,'00:00:00','2013-09-15',NULL),(240,'01:30:00','Zapracovanie',2,NULL,NULL,NULL,0.000,0.000,NULL,NULL,NULL,NULL,7,1,3,'00:00:00','2013-09-14',NULL),(241,'02:30:00','',2,NULL,NULL,NULL,75.000,30.000,NULL,NULL,NULL,NULL,1,1,3,'00:00:00','2013-09-16',NULL),(242,'01:30:00','Bike - tempíčko',2,NULL,NULL,NULL,44.000,29.000,NULL,NULL,NULL,NULL,1,1,3,'00:00:00','2013-10-29',NULL),(243,'01:55:00','Bike - Hainburg - Devínska n.V.- Devín - Karlova V.',2,NULL,NULL,NULL,55.000,29.000,NULL,NULL,NULL,NULL,1,1,3,'00:00:00','2013-10-30',NULL),(244,'02:00:00','',2,NULL,NULL,NULL,58.000,29.500,NULL,NULL,NULL,NULL,1,1,3,'00:00:00','2013-10-26',NULL),(245,'02:00:00','',2,NULL,NULL,NULL,60.000,30.000,NULL,NULL,NULL,NULL,1,1,3,'00:00:00','2013-10-27',NULL),(246,'01:40:00','',2,NULL,NULL,NULL,50.000,30.000,NULL,NULL,NULL,NULL,1,1,3,'00:00:00','2013-10-22',NULL),(248,'01:40:00','',3,NULL,NULL,NULL,46.320,28.000,NULL,NULL,NULL,NULL,1,1,3,'00:00:00','2013-10-18',NULL),(249,'00:30:00','Beh, Poprad - pod les a späť ',1,NULL,NULL,NULL,5.000,0.000,NULL,NULL,NULL,NULL,2,1,3,'00:00:00','2013-10-20',NULL),(250,'02:00:00','',2,NULL,NULL,NULL,60.000,30.000,NULL,NULL,NULL,NULL,1,1,3,'00:00:00','2013-10-21',NULL),(251,'00:30:00','',3,NULL,NULL,NULL,5.000,10.000,NULL,NULL,NULL,NULL,2,1,3,'00:00:00','2013-10-15',NULL),(252,'00:35:00','',1,NULL,NULL,NULL,5.000,10.000,NULL,NULL,NULL,NULL,2,1,3,'00:00:00','2013-10-16',NULL),(253,'01:30:00','Bike po pauze',2,NULL,NULL,NULL,46.000,30.500,NULL,NULL,NULL,NULL,1,1,3,'00:00:00','2013-10-09',NULL),(254,'02:00:00','',1,NULL,NULL,NULL,60.000,30.000,NULL,NULL,NULL,NULL,1,1,3,'00:00:00','2013-11-04',NULL),(255,'01:00:00','Posilnovanie upper body',1,NULL,NULL,NULL,0.000,0.000,NULL,NULL,NULL,NULL,7,1,3,'00:00:00','2013-11-05',NULL),(256,'01:00:00','',2,NULL,NULL,NULL,30.000,30.000,NULL,NULL,NULL,NULL,1,1,3,'00:00:00','2013-11-05',NULL),(257,'01:00:00','Posilnovanie lower',1,NULL,NULL,NULL,0.000,0.000,NULL,NULL,NULL,NULL,7,1,3,'00:00:00','2013-11-06',NULL),(258,'01:35:00','bike, fúkalo',2,NULL,NULL,NULL,42.000,27.000,NULL,NULL,NULL,NULL,1,1,3,'00:00:00','2013-11-06',NULL),(259,'00:40:00',' ',2,NULL,NULL,NULL,7.000,0.000,NULL,NULL,NULL,NULL,2,1,3,'00:00:00','2013-11-01',NULL),(260,'00:40:00',' ',2,NULL,NULL,NULL,8.210,0.000,NULL,NULL,NULL,NULL,2,1,3,'00:00:00','2013-11-02',NULL),(261,'01:50:00','',2,NULL,124,162,51.500,27.600,NULL,NULL,NULL,NULL,1,1,3,'00:00:00','2013-11-08',NULL),(262,'01:00:00','Upper body',2,NULL,NULL,NULL,0.000,0.000,NULL,NULL,NULL,NULL,7,1,3,'00:00:00','2013-11-09',NULL),(263,'01:00:00','Lower body',1,NULL,NULL,NULL,0.000,0.000,NULL,NULL,NULL,NULL,7,1,3,'00:00:00','2013-11-10',NULL),(264,'02:00:00','',2,NULL,NULL,NULL,55.000,27.500,NULL,NULL,NULL,NULL,1,1,3,'00:00:00','2013-11-10',NULL),(265,'01:00:00','Upper body\r\n',2,NULL,NULL,NULL,0.000,0.000,NULL,NULL,NULL,NULL,7,1,3,'00:00:00','2013-11-12',NULL),(266,'02:05:00','',1,NULL,NULL,NULL,57.000,27.500,NULL,NULL,NULL,NULL,1,1,3,'00:00:00','2013-11-12',NULL),(267,'01:00:00','Lower body',2,NULL,NULL,NULL,0.000,0.000,NULL,NULL,NULL,NULL,7,1,3,'00:00:00','2013-11-13',NULL),(268,'01:00:00','',2,NULL,148,171,11.500,11.500,NULL,NULL,NULL,NULL,2,1,3,'00:00:00','2013-11-13',NULL),(269,'01:00:00','',2,NULL,143,171,11.500,11.500,NULL,NULL,NULL,NULL,2,1,3,'00:00:00','2013-11-15',NULL),(270,'01:30:00','',2,NULL,134,163,42.910,28.300,NULL,NULL,NULL,NULL,1,1,3,'00:00:00','2013-11-15',NULL),(271,'01:00:00','Upper body',1,NULL,NULL,NULL,0.000,0.000,NULL,NULL,NULL,NULL,7,1,3,'00:00:00','2013-11-16',NULL),(272,'01:45:00','',1,NULL,NULL,NULL,54.000,30.700,NULL,NULL,NULL,NULL,1,1,3,'00:00:00','2013-11-16',NULL),(273,'01:00:00','lower body',2,NULL,NULL,NULL,0.000,0.000,NULL,NULL,NULL,NULL,7,1,3,'00:00:00','2013-11-17',NULL),(274,'02:10:00','',3,NULL,NULL,NULL,60.000,27.500,NULL,NULL,NULL,NULL,1,1,3,'00:00:00','2013-11-17',NULL),(275,'01:00:00','upper body',2,NULL,NULL,NULL,0.000,0.000,NULL,NULL,NULL,NULL,7,1,3,'00:00:00','2013-11-19',NULL),(276,'01:00:00','',1,NULL,148,168,13.100,13.200,NULL,NULL,NULL,NULL,2,1,3,'00:00:00','2013-11-19',NULL),(277,'01:00:00','lower body',2,NULL,NULL,NULL,0.000,0.000,NULL,NULL,NULL,NULL,7,1,3,'00:00:00','2013-11-20',NULL),(278,'01:00:00','Trenažér',2,NULL,112,132,0.000,0.000,NULL,NULL,NULL,NULL,7,1,3,'00:00:00','2013-11-20',NULL),(279,'01:20:00','Trenažér',2,NULL,NULL,NULL,0.000,0.000,NULL,NULL,NULL,NULL,7,1,3,'00:00:00','2013-11-22',NULL),(280,'01:00:00','Upper body',2,NULL,NULL,NULL,0.000,0.000,NULL,NULL,NULL,NULL,7,1,3,'00:00:00','2013-11-23',NULL),(281,'01:40:00','',1,NULL,NULL,NULL,48.000,29.500,NULL,NULL,NULL,NULL,1,1,3,'00:00:00','2013-11-23',NULL),(282,'01:00:00','lower body\r\n',2,NULL,NULL,NULL,0.000,0.000,NULL,NULL,NULL,NULL,7,1,3,'00:00:00','2013-11-24',NULL),(283,'01:00:00','',2,NULL,143,172,11.300,11.300,NULL,NULL,NULL,NULL,2,1,3,'00:00:00','2013-11-24',NULL),(284,'02:00:00','MTB  ',2,NULL,NULL,NULL,54.000,27.000,NULL,NULL,NULL,NULL,3,1,3,'00:00:00','2014-01-02',NULL),(285,'01:40:00','Trenažér  ',1,NULL,NULL,NULL,0.000,0.000,NULL,NULL,NULL,NULL,4,1,3,'00:00:00','2013-12-31',NULL),(286,'01:30:00','Trenažér',2,NULL,NULL,NULL,0.000,0.000,NULL,NULL,NULL,NULL,7,1,3,'00:00:00','2013-12-29',NULL),(287,'01:00:00','Telocvičňa',1,NULL,NULL,NULL,0.000,0.000,NULL,NULL,NULL,NULL,7,1,3,'00:00:00','2013-12-30',NULL),(288,'01:00:00','Posilnovanie chrbát  ',2,NULL,NULL,NULL,0.000,0.000,NULL,NULL,NULL,NULL,7,1,3,'00:00:00','2014-01-03',NULL),(289,'01:40:00','Trenažér, 1x5\' T1   ',2,NULL,NULL,NULL,0.000,0.000,NULL,NULL,NULL,NULL,4,1,3,'00:00:00','2014-01-03',NULL),(290,'01:00:00','Posilnovanie - nohy\r\nLegpress - 2xseria 100kg, 200kg, 170kg, 140kg, 110kg\r\nZakopávanie - 2xseria 30kg, 50kg, 45kg, 40kg, 35kg\r\nPredkopávanie - 2x seria 50kg, 80kg, 70kg, 60kg, 50kg\r\nLýtka - 3serie 25opak 50kg Vzpriamene, rovnako Donkey\r\nDrepy - 60kg, 70kg, 80kg, 60kg',2,NULL,NULL,NULL,0.000,0.000,NULL,NULL,NULL,NULL,7,1,3,'00:00:00','2014-01-04',NULL),(291,'01:20:00','Trenažér ',3,NULL,NULL,NULL,0.000,0.000,NULL,NULL,NULL,NULL,4,1,3,'00:00:00','2014-01-04',NULL),(292,'00:45:00','Beh Kvetnica',2,NULL,NULL,NULL,8.000,10.000,NULL,NULL,NULL,NULL,2,1,3,'00:00:00','2014-01-06',NULL),(293,'01:10:00','Trenažér ',2,NULL,NULL,NULL,0.000,0.000,NULL,NULL,NULL,NULL,4,1,3,'00:00:00','2014-01-06',NULL),(294,'00:45:00','Posilnovanie - chrbat',2,NULL,NULL,NULL,0.000,0.000,NULL,NULL,NULL,NULL,7,1,3,'00:00:00','2014-01-07',NULL),(295,'02:36:00','Bike - Čunovo - Kittse - Hainburg',2,NULL,NULL,NULL,75.790,29.000,NULL,NULL,NULL,NULL,1,1,3,'00:00:00','2014-01-07',NULL),(296,'00:45:00','Posilnovanie, prsia 2x 7 serii lavica hore dole, brucho 4 serie lavička, triceps 5 serii kladka  ',2,NULL,NULL,NULL,0.000,0.000,NULL,NULL,NULL,NULL,7,1,3,'00:00:00','2014-01-08',NULL),(297,'02:10:00','Bike - Wolfstal - Berg - Kitsse - Rusovce - Čunovo',2,NULL,NULL,NULL,59.000,27.210,NULL,NULL,NULL,NULL,1,1,3,'00:00:00','2014-01-08',NULL),(298,'00:45:00','Posilnovanie, ramena 3 cviky po 7 serii 12opakovani,\r\nmedzi to lytka 3x po 2 serie 25 opakovani.',2,NULL,NULL,NULL,0.000,0.000,NULL,NULL,NULL,NULL,7,1,3,'00:00:00','2014-01-10',NULL),(299,'02:27:00','Bike - BA - Hainburg - Lasse - Marcheg - Devinska - Devin - BA',1,NULL,NULL,NULL,70.120,28.600,NULL,NULL,NULL,NULL,1,1,3,'00:00:00','2014-01-10',NULL),(300,'00:45:00','posilnovanie - drep pyramida 60 - 75 - 60 kg 7serii 12 opak. zakopavanie pyramida 25 - 40 - 25kg 7serii 12 opak. lytka 7 serii 25 opak. 20kg',2,NULL,NULL,NULL,0.000,0.000,NULL,NULL,NULL,NULL,7,1,3,'00:00:00','2014-01-11',NULL),(301,'02:54:00','Cesta, rovina, lahko do pohody',2,NULL,NULL,NULL,85.450,29.400,NULL,NULL,NULL,NULL,1,1,3,'00:00:00','2014-01-11',NULL),(302,'00:45:00','Posilnovanie chrbat - pyramidovo, po 5 serii 12 opakovani z kazdeho. Trapez, kladka priťahovanie, Veža sťahovanie za hlavu, mŕtvy ťah, brucho - úklony',2,NULL,NULL,NULL,0.000,0.000,NULL,NULL,NULL,NULL,7,1,3,'00:00:00','2014-01-12',NULL),(303,'03:00:00','Rovina, Silny protivietor,',3,NULL,NULL,NULL,83.320,27.600,NULL,NULL,NULL,NULL,1,1,3,'00:00:00','2014-01-12',NULL),(304,'00:45:00','Posilnovanie, prsia 2x 7 serii lavica hore dole, brucho 7 serie lavička, triceps 6 serii kladka  ',2,NULL,NULL,NULL,0.000,0.000,NULL,NULL,NULL,NULL,7,1,3,'00:00:00','2014-01-14',NULL),(305,'02:45:00','Rovina, silný vietor',2,NULL,NULL,NULL,74.940,26.900,NULL,NULL,NULL,NULL,1,1,3,'00:00:00','2014-01-14',NULL),(306,'00:50:00','Posilnovanie, ramena 3 cviky po 7 serii 12opakovani,\r\nmedzi to lytka 2x po 6 serii 25 opakovani.  ',2,NULL,NULL,NULL,0.000,0.000,NULL,NULL,NULL,NULL,7,1,3,'00:00:00','2014-01-15',NULL),(307,'03:05:00','Cesta, rovina, rakúsko',2,NULL,128,171,86.260,28.000,NULL,NULL,NULL,NULL,1,1,3,'00:00:00','2014-01-15',NULL),(308,'00:50:00','Posilnovanie chrbat - pyramidovo, po 7 serii, 12opakovani. 4 cviky.',2,NULL,NULL,NULL,0.000,0.000,NULL,NULL,NULL,NULL,7,1,3,'00:00:00','2014-01-16',NULL),(309,'02:56:00','Berg - hranica, Petržalka, Čunovo, Vojka a spať',2,NULL,144,171,86.610,29.500,NULL,NULL,NULL,NULL,1,1,3,'00:00:00','2014-01-16',NULL),(310,'04:06:00','BA - Berg - Prellenkirchen - Gattendorf - Nickelsdorf - Rajka - Čunovo - Ba - Hainburg - BA',2,NULL,137,170,125.220,30.500,NULL,NULL,NULL,NULL,1,1,3,'00:00:00','2014-01-18',NULL),(311,'03:45:00','Ba- Berg - Prellenkirchen - Hollern - Pachfurt - Gottlesbrun - Wilfeinsdorf - Keistersteinbruch - kopec tam a spať. - domov cez Bruck - Petronell - Hainburg - Wolfsthal',2,NULL,NULL,NULL,115.510,30.800,NULL,NULL,NULL,NULL,1,1,3,'00:00:00','2014-01-19',NULL),(312,'01:00:00','Posilnovanie, ramená, lýtka, triceps',1,NULL,NULL,NULL,0.000,0.000,NULL,NULL,NULL,NULL,7,1,3,'00:00:00','2014-01-20',NULL),(313,'02:00:00','Trenažér ',2,NULL,NULL,NULL,0.000,0.000,NULL,NULL,NULL,NULL,4,1,3,'00:00:00','2014-01-20',NULL),(314,'01:30:00','Ľahký oddychový tréning - Trenžér  ',2,NULL,116,140,0.000,0.000,NULL,NULL,NULL,NULL,4,1,3,'00:00:00','2014-01-22',NULL),(315,'01:37:00','Cesta, light, zima',2,NULL,NULL,NULL,44.500,27.500,NULL,NULL,NULL,NULL,1,1,3,'00:00:00','2014-01-23',NULL),(316,'01:00:00','Posilnovanie chrbát, pyramídovo, po 7 serii 12 opakovani',2,NULL,NULL,NULL,0.000,0.000,NULL,NULL,NULL,NULL,7,1,3,'00:00:00','2014-01-25',NULL),(317,'03:00:00','Cesta, rakúsko, rovina, zima',1,NULL,133,166,83.400,27.800,NULL,NULL,NULL,NULL,1,1,3,'00:00:00','2014-01-25',NULL),(318,'01:00:00','Posilnovanie - nohy - drep s činkou - 7 serii pyramídovo 50,60,65,65,65,60,50kg\r\nLýtka - 6 serii 25opak, 20kg\r\nZakopávanie - pyramida - 20,30,35,40...\r\nLýtka - 6 serii 15opak, 20,30,40,50,40,30kg',2,NULL,NULL,NULL,0.000,0.000,NULL,NULL,NULL,NULL,7,1,3,'00:00:00','2014-01-26',NULL),(319,'02:58:00','Bike - rakúsko - 2x okruh Hainburg - Prellenkirchen - Wolfstal - celkom zima -4°C',2,NULL,135,167,82.050,27.600,NULL,NULL,NULL,NULL,1,1,3,'00:00:00','2014-01-26',NULL),(320,'01:00:00','Prsia, brucho - rotacie',2,NULL,NULL,NULL,0.000,0.000,NULL,NULL,NULL,NULL,7,1,3,'00:00:00','2014-01-27',NULL),(321,'02:00:00','Trenažer, rozbite nohy po včerajšej posilke.  ',3,NULL,NULL,NULL,0.000,0.000,NULL,NULL,NULL,NULL,4,1,3,'00:00:00','2014-01-27',NULL),(322,'01:00:00','Posilnovanie chrbát, pyramídovo',2,NULL,NULL,NULL,0.000,0.000,NULL,NULL,NULL,NULL,7,1,3,'00:00:00','2014-01-29',NULL),(323,'03:00:00','Kombinácia bike + trenažér pol na pol ľahký tréning',2,NULL,118,154,60.000,20.000,NULL,NULL,NULL,NULL,3,1,3,'00:00:00','2014-01-29',NULL),(324,'01:00:00','Posilnovanie nohy - zakopavanie, donkey lýtka, drepy v záklone (60kg max v 3 seriach), donkey lýtka, všetko po 7 serii pyramídovo, na záver predkopávanie 4serie znižované od 80kg do 50kg ',3,NULL,NULL,NULL,0.000,0.000,NULL,NULL,NULL,NULL,7,1,3,'00:00:00','2014-01-30',NULL),(325,'03:00:00','MTB 1.40h potom trenažér 1.20h, ',1,NULL,126,162,64.200,21.400,NULL,NULL,NULL,NULL,3,1,3,'00:00:00','2014-01-30',NULL),(326,'01:00:00','Posilnovanie, ramená, brucho, triceps',3,NULL,NULL,NULL,0.000,0.000,NULL,NULL,NULL,NULL,7,1,3,'00:00:00','2014-01-31',NULL),(327,'03:00:00','MTB 1.50h potom trenažér 1.10h',1,NULL,130,174,66.900,22.300,NULL,NULL,NULL,NULL,3,1,3,'00:00:00','2014-01-31',NULL),(328,'03:15:00','MTB - T.Štrba - 42km, 1.30h \r\n+ 1.45h trenažér',2,NULL,127,159,0.000,0.000,NULL,NULL,NULL,NULL,4,1,3,'00:00:00','2014-02-02',NULL),(329,'01:00:00','Beh - na pohodu',2,NULL,140,172,11.330,11.330,NULL,NULL,NULL,NULL,2,1,3,'00:00:00','2014-02-03',NULL),(330,'01:00:00','Posilnovanie, chrbát',2,NULL,NULL,NULL,0.000,0.000,NULL,NULL,NULL,NULL,7,1,3,'00:00:00','2014-02-04',NULL),(331,'01:00:00','Posilnovanie, prsia, triceps',2,NULL,NULL,NULL,0.000,0.000,NULL,NULL,NULL,NULL,7,1,3,'00:00:00','2014-02-06',NULL),(332,'03:00:00','Bike MTB, 2.20h + 40min trenažér. Poprad - Vrbov - Huncovce - V.lomnica - Mlynica - Poprad - V.Slavkov - Mlynica - Poprad',1,NULL,135,174,81.000,27.000,NULL,NULL,NULL,NULL,3,1,3,'00:00:00','2014-02-06',NULL),(333,'01:00:00','Legpress - na spodnú časť stehien, pyramída 80-120-150-180kg, \r\nzakopávanie, pyramída 32,5-37,5-42,5-47,5\r\ndonkey lýtka pyramída 40-50-60\r\npilé drepy na stroji, pyramída 20-40-60-80\r\nlýtka, pyramída 40-50-60',2,NULL,NULL,NULL,0.000,0.000,NULL,NULL,NULL,NULL,7,1,3,'00:00:00','2014-02-07',NULL),(334,'03:00:00','MTB - 2.15h + trenažér 0.45h\r\nSvit - Mengusovce - Hágy(silovo) - Smokovce - N.lesná - Mlynica - Slavkov',1,NULL,126,168,66.600,22.200,NULL,NULL,NULL,NULL,3,1,3,'00:00:00','2014-02-07',NULL),(335,'01:00:00','Posilnovanie, chrbát',2,NULL,NULL,NULL,0.000,0.000,NULL,NULL,NULL,NULL,7,1,3,'00:00:00','2014-02-08',NULL),(336,'03:00:00','Trenažér. 40 min light, od 0.40 - 1.20h rýchlejšie tep do 135. od 1.20h - 2.20h striedavo 5\' silovo, 5\' frekvenčne, tep do 145. posledných 40 min vyjazdenie na 115t.',2,NULL,124,164,0.000,0.000,NULL,NULL,NULL,NULL,4,1,3,'00:00:00','2014-02-08',NULL),(337,'01:00:00','Trenažér light',2,NULL,121,146,0.000,0.000,NULL,NULL,NULL,NULL,4,1,3,'00:00:00','2014-02-10',NULL),(338,'01:00:00','Posilňovanie prsia, triceps',2,NULL,NULL,NULL,0.000,0.000,NULL,NULL,NULL,NULL,7,1,3,'00:00:00','2014-02-11',NULL),(339,'02:30:00','Trenažér, 1x5\' T1 v druhej polovici tréningu ',2,NULL,126,182,0.000,0.000,NULL,NULL,NULL,NULL,4,1,3,'00:00:00','2014-02-11',91),(340,'02:00:00','Ráno som sa cítil kúsok ako keby na mňa šla choroba, preto som vynechal posilku a bicykel skrátil na 2 hodiny',3,NULL,122,152,0.000,0.000,NULL,NULL,NULL,NULL,4,1,3,'00:00:00','2014-02-12',NULL),(341,'01:30:00','Zapracovanie ',2,NULL,138,176,0.000,0.000,NULL,NULL,NULL,NULL,4,1,3,'00:00:00','2014-02-14',NULL),(342,'01:30:00','testy\r\n',2,NULL,NULL,NULL,0.000,0.000,NULL,NULL,NULL,NULL,4,1,3,'00:00:00','2014-02-14',NULL),(343,'02:50:00','Rovina - nový bike, Fuji Altamira SL, 1x krát',2,NULL,140,167,82.000,29.000,NULL,NULL,NULL,NULL,1,1,3,'00:00:00','2014-02-16',NULL),(344,'03:00:00','Bike - rakúsko rovina.',2,NULL,140,174,87.900,29.300,NULL,NULL,NULL,NULL,1,1,3,'00:00:00','2014-02-17',NULL),(345,'00:40:00','Výklus',2,NULL,146,166,8.000,12.000,NULL,NULL,NULL,NULL,2,1,3,'00:00:00','2014-02-17',NULL),(346,'01:00:00','Posilňovanie chrbát pyramídovo',2,NULL,NULL,NULL,0.000,0.000,NULL,NULL,NULL,NULL,7,1,3,'00:00:00','2014-02-18',NULL),(347,'02:55:00','Berg - cez kopček - Edelstahl - Kittse - Ganzensdorf - Potzneusiedl - Holler - Petronell - Hainburg - Braunsberg - Hainburg - BA, v kopcoch a ptori vetru ťažší prevod',1,NULL,133,168,86.040,29.500,NULL,NULL,NULL,NULL,1,1,3,'00:00:00','2014-02-18',NULL),(348,'03:00:00','BA - Prellenkirchen - Gerhaus - Pachfurt - Hoflein - Scharndorf - Wildungsmauer - Petronell - Bad altenburg - Prellenkirchen - Wolftshal - BA',2,NULL,129,171,86.000,28.000,NULL,NULL,NULL,NULL,1,1,3,'00:00:00','2014-02-20',NULL),(349,'03:40:00','Rýchly tréning - 2x okruh Berg - Prellenkirchen - Bad altenburg - Hainburg - Wolfsthal - Berg\r\nv každom kole 1x T1 Braunsberg\r\n1. kolo - 8:55\r\n2.kolo - 8:40',2,NULL,134,180,102.700,28.000,NULL,NULL,NULL,NULL,1,1,3,'00:00:00','2014-02-21',NULL),(350,'01:00:00','Posilňovanie chrbát',2,NULL,NULL,NULL,0.000,0.000,NULL,NULL,NULL,NULL,7,1,3,'00:00:00','2014-02-22',NULL),(351,'03:30:00','BA - Hainburg - Stopfenreuth - Lasse - Schonffeld - Untersibenbrun - Ganzensdorf - Weikendorf - Oberweiben - Schonfeld - Marcheg - Devínska - Devín - BA',2,NULL,NULL,NULL,101.500,29.000,NULL,NULL,NULL,NULL,1,1,3,'00:00:00','2014-02-22',NULL),(352,'03:40:00','Ba - Berg - Edelsthal - Kittse - Rusovce - Čunovo - Vojka - Bodíky - Čunovo - BA ',2,NULL,123,158,107.000,29.500,NULL,NULL,NULL,NULL,1,1,1,'00:00:00','2014-02-24',NULL),(353,'04:00:00','Ba - Hainburg - Prellenkirchen - Kittse - Čunovo - 1x 13:30 T1 do Petržalky. Ľahko opäť cez Kopčiansku do Kittse - Čunovo - 1x 13:40 T1 Petržalka,\r\nTep som mal nižší takže nebol úplne v T1 ale podľa sujbektívneho pocitu zaťaženie bolo. Druhý úsek pomalší ale rovnomernejší ',2,NULL,131,178,116.000,29.000,NULL,NULL,NULL,NULL,1,1,1,'00:00:00','2014-02-25',NULL),(354,'01:00:00','Posilňovanie, chrbát ',2,NULL,NULL,NULL,0.000,0.000,NULL,NULL,NULL,NULL,7,1,1,'00:00:00','2014-02-26',NULL),(355,'03:30:00','Ba - Wolfsthal - Berg - Edelsthal - Kittse - cez kopčiansku do BA - cez Kramáre do Rače, Biely Kríž, Železná studnička - cez Kopčiansku do Kittse - Jarovce - Petržalka - BA   ',2,NULL,131,164,100.500,28.600,NULL,NULL,NULL,NULL,1,1,1,'00:00:00','2014-02-26',NULL),(356,'01:30:00','ľahký tréning - čunovo a spať. ',2,NULL,122,159,46.000,30.700,NULL,NULL,NULL,NULL,1,1,1,'00:00:00','2014-02-28',NULL),(357,'03:57:00','BA - Lamač - Záhorská v - Lozorno - Pernek - T1 tréning 5x1\' zo sedla submaximalnym tempom s minutovou pauzou v sedle. Zjazd, z druhej strany opäť 5x1\'T1 zo sedla. Domov cez Stupavu a devínsku n. v. - Vyjazdenie okolo incheby ',1,NULL,134,182,121.000,30.500,NULL,NULL,NULL,NULL,1,1,1,'00:00:00','2014-03-01',NULL),(358,'04:17:00','Ba - Berg - Prellenkirchen - Hofflein - Bruck - Kaiserssteinbruch - Winden/See - Kaiserssteinbruch - Winden/See - Neusidler/See - Parndorf - Kittse - Jarovce - Petržalka',1,NULL,138,164,130.500,30.500,NULL,NULL,NULL,NULL,1,1,1,'00:00:00','2014-03-02',NULL),(359,'01:30:00','Čunovo - kompenzacia',1,NULL,130,164,45.330,30.100,NULL,NULL,NULL,NULL,1,1,3,'00:00:00','2014-03-04',NULL),(360,'03:03:00','Bike, rakúsko vietor ako sviňa',2,NULL,126,160,87.990,28.770,NULL,NULL,NULL,NULL,1,1,3,'00:00:00','2014-03-05',NULL),(361,'03:36:00','BA - Hainburg - Eckartsau - Gross-Enzersdorf - späť po vetre 6x3\' T1 s 3\' pauzami. Vyjazdenie s Hainburgu',2,NULL,132,176,101.800,28.000,NULL,NULL,NULL,NULL,1,1,3,'00:00:00','2014-03-06',NULL),(362,'00:30:00','Plánoval som 4.30h ale Aničke prišlo zle, tak som sa chcel vrátiť domov ',2,NULL,138,175,15.000,30.000,NULL,NULL,NULL,NULL,1,1,3,'00:00:00','2014-03-07',NULL),(363,'02:56:00','BA - Čunovo - Kittse - Prellekirche - Rohrau - Petronell - Hainburg',2,NULL,130,164,89.610,30.400,NULL,NULL,NULL,NULL,1,1,3,'00:00:00','2014-03-09',NULL),(364,'03:00:00','BA - Berg - Edelstahl - Ganzensdorf - Nickelsdorf  - Rajka - čunovo',2,NULL,127,164,90.300,30.100,NULL,NULL,NULL,NULL,1,1,3,'00:00:00','2014-03-10',NULL),(365,'02:45:00','BA - Hainburg - Lasse - Margcheg - Hainburg - Ba',2,NULL,130,166,83.400,30.100,NULL,NULL,NULL,NULL,1,1,3,'00:00:00','2014-03-11',NULL),(366,'00:30:00','strečing, nejako som sa zle vyspal tak som nešiel behať podľa plánu. Poobede cesta',3,NULL,NULL,NULL,0.000,0.000,NULL,NULL,NULL,NULL,8,1,3,'00:00:00','2014-03-13',NULL),(367,'04:45:00','Sardinia - 1.den, mierne kopcovity teren, ľahký tréning. 3 krátke šprinty',2,NULL,127,174,130.500,27.500,1300,NULL,NULL,NULL,1,1,3,'00:00:00','2014-03-14',NULL),(368,'04:42:00','Sardinia 2.den, zatiaľ najkrajší tréning v roku. Teplo, kopce, super pocity',1,NULL,130,168,140.700,29.900,NULL,NULL,NULL,NULL,1,1,3,'00:00:00','2014-03-15',NULL),(369,'04:21:00','Sardínia 3. tréning',1,NULL,132,164,130.120,29.800,1178,NULL,NULL,NULL,1,1,3,'00:00:00','2014-03-17',NULL),(370,'00:41:00','Výklus ',2,NULL,NULL,NULL,7.400,10.800,NULL,NULL,NULL,NULL,2,1,3,'00:00:00','2014-03-17',NULL),(371,'05:10:00','Sardinia - 4. treningovy den, po rozjazdení, v kopcoch úseky - 3min frekvenčne + 2 min ťažšší prevod v aerobnom pásme - záver šprint 1\' zo sedla, nadoraz. 6 opakovaní, záver tréningu 2hod ešte ďalšie kopčeky, zvlený terén',3,NULL,135,180,151.300,29.200,2170,NULL,NULL,NULL,1,1,3,'00:00:00','2014-03-18',NULL),(372,'05:59:00','Sardinia - 5. tréningový deň a v celku kopce',2,NULL,130,171,173.770,29.000,NULL,NULL,NULL,NULL,1,1,3,'00:00:00','2014-03-19',NULL),(373,'04:07:00','Sardínia - 6. tréning, cítil som trochu únavu zozačiatku, potom v kopci jeden úsek do T1 zo Škopekom tak sa mi tie nohy nejako roztočili...',3,NULL,138,180,122.460,29.600,NULL,NULL,NULL,NULL,1,1,3,'00:00:00','2014-03-21',NULL),(374,'00:30:00','Výklus ',2,NULL,NULL,NULL,5.000,10.000,NULL,NULL,NULL,NULL,2,1,3,'00:00:00','2014-03-21',NULL),(375,'05:10:00','Sardínia - 7. tréning, najvyšší kopec Passo del Limbara. Monti Limbara. V prudkých častiach až do T1, hoci zozačiatku tréningu ma dosť boleli nohy',3,NULL,133,171,149.000,28.700,3181,NULL,NULL,NULL,1,1,3,'00:00:00','2014-03-22',NULL),(376,'01:00:00','Vyjazdenie',3,NULL,115,NULL,25.000,25.000,NULL,NULL,NULL,NULL,1,1,3,'00:00:00','2014-03-23',NULL),(377,'01:30:00','Kompenzácia - bike ľahko',2,NULL,118,151,42.000,28.000,NULL,NULL,NULL,NULL,1,1,3,'00:00:00','2014-03-25',NULL),(378,'00:52:00','Kompenzacia - beh',2,NULL,NULL,NULL,8.000,9.560,NULL,NULL,NULL,NULL,2,1,3,'00:00:00','2014-03-26',NULL),(379,'00:55:00','Ľahká jazda - Wolfsthal - Berg - Kittse - Petržalka ',2,NULL,128,159,25.130,28.000,NULL,NULL,NULL,NULL,1,1,3,'00:00:00','2014-03-27',NULL),(380,'04:10:00','Chorvátsko - 1. tréning',2,NULL,139,170,123.300,29.500,NULL,NULL,NULL,NULL,1,1,3,'00:00:00','2014-03-29',NULL),(381,'03:50:00','Chorvátsko 2.deň a testovanie účinku asfaltu na pokožku...',3,NULL,133,171,103.100,27.100,1456,NULL,NULL,NULL,1,1,3,'00:00:00','2014-03-30',NULL),(382,'04:58:00','Chorvátsko 3.deň',2,NULL,131,169,142.600,28.800,NULL,NULL,NULL,NULL,1,1,3,'00:00:00','2014-03-31',NULL),(383,'00:40:00','Výklus ',2,NULL,NULL,NULL,6.700,9.600,NULL,NULL,NULL,NULL,2,1,3,'00:00:00','2014-03-31',NULL),(384,'01:00:00','Na kávu do Makarskej',3,NULL,NULL,NULL,0.000,0.000,NULL,NULL,NULL,NULL,1,1,3,'00:00:00','2014-04-01',1),(385,'04:35:00','Chorvátsko 4. tréning',2,NULL,128,164,125.200,27.300,NULL,NULL,NULL,NULL,1,1,3,'00:00:00','2014-04-02',NULL),(386,'05:07:00','Chorvátsko - 5. tréning, po 85km = 1x10\' T1 v zvlnenom teréne v závere s kopcom, 1x18\' T1 so začiatkom po rovine a záver v kopci. Vyjazdenie 50\'',2,NULL,132,181,145.500,28.400,NULL,NULL,NULL,NULL,1,1,3,'00:00:00','2014-04-03',NULL),(387,'02:15:00','Kompenzačný tréning ',1,NULL,109,151,54.440,24.500,NULL,NULL,NULL,NULL,1,1,3,'00:00:00','2014-04-04',NULL),(388,'00:46:00','Beh s Paťokom',2,NULL,145,168,9.090,11.580,NULL,NULL,NULL,NULL,2,1,3,'00:00:00','2014-04-04',NULL),(389,'01:30:00','Kompenzačný tréning - nízke pulzy pohoda pocit',2,NULL,117,167,43.000,28.500,NULL,NULL,NULL,NULL,1,1,3,'00:00:00','2014-04-08',NULL),(390,'01:35:00','Devín - Devínska - Schlosshof - Hainburg- Wolfstahl - BA',2,NULL,123,161,45.120,28.300,NULL,NULL,NULL,NULL,1,1,3,'00:00:00','2014-04-09',NULL),(391,'00:45:00','',2,NULL,NULL,NULL,8.250,11.000,NULL,NULL,NULL,NULL,2,1,3,'00:00:00','2014-04-09',NULL),(392,'01:30:00','',1,NULL,NULL,NULL,44.000,29.000,NULL,NULL,NULL,NULL,1,1,3,'00:00:00','2014-04-11',NULL),(393,'01:40:00','',1,NULL,NULL,NULL,44.100,28.700,NULL,NULL,NULL,NULL,1,1,3,'00:00:00','2014-04-12',NULL),(394,'03:00:00','Rakúsko, rovina, zvlnený terén',2,NULL,128,164,87.300,29.200,NULL,NULL,NULL,NULL,1,1,3,'00:00:00','2014-04-14',NULL),(395,'04:25:00','Berg - Edelsthal - Prellekirchen - Rohrau - Pachfurt - Hoflein - Wildungsmauer - Petronell - Hainburg - Wolfstahl - následne 5x5-6\' T1 s 15\' pauzami vo zvlnenom teréne v okolí Edelsthal, Prellenkirchen',1,NULL,133,182,119.970,27.100,NULL,NULL,NULL,NULL,1,1,3,'00:00:00','2014-04-15',NULL),(396,'04:02:00','Hainburg - Devínska - Pezinská baba - Devín - BA',2,NULL,NULL,NULL,113.300,28.100,NULL,NULL,NULL,NULL,1,1,3,'00:00:00','2014-04-16',NULL),(397,'04:09:00','Poprad - L.dolina - Poprad - Spišská belá - Kotlina - Lomnica - Hrebienok - Polianka - Svit - Poprad',2,NULL,133,168,115.900,27.900,NULL,NULL,NULL,NULL,1,1,3,'00:00:00','2014-04-18',NULL),(398,'04:10:00','Svit - T.Polianka - D.Smokovec - Mlynica - V.Lomnica - T.Lomnica - St.Smokovec - T1 Hrebienok 11:05, Poprad - T1 8\' nad Visovú, Sp. Bystré, Hranovnica - T1 z Hranovnice (koniec dediny) až na vrchol Dubiny (kvetnica) 9:30',2,NULL,136,186,113.000,27.100,NULL,NULL,NULL,NULL,1,1,3,'00:00:00','2014-04-19',NULL),(400,'04:06:00','&ranovnica, lipt.teplicka, strba, strbske pleso, smokovce, nova lesna, mlynica, poprad',2,NULL,120,164,105.700,25.700,NULL,NULL,NULL,NULL,1,1,3,'00:00:00','2014-04-20',NULL),(401,'01:32:00','Berg - Edelsthal - Prellekirchen - Hainburg - Wolfstahl',3,NULL,121,173,44.900,28.700,NULL,NULL,NULL,NULL,1,1,3,'00:00:00','2014-04-22',NULL),(402,'02:17:00','Kittse - Gattendorf - Rohrau - Petronell - Hainburg',3,NULL,120,168,66.200,28.900,NULL,NULL,NULL,NULL,1,1,3,'00:00:00','2014-04-23',NULL),(403,'03:52:00','Parnodorf - Neusiedler - Bruck - Hoflein - Petronell - Hainburg - Braunsberg - Hainburg ',1,NULL,132,178,111.780,29.000,NULL,NULL,NULL,NULL,1,1,3,'00:00:00','2014-04-24',NULL),(404,'01:10:00','Vyjazdenie - hranovnica - sp. bystre - Poprad',2,NULL,117,158,32.210,28.300,NULL,NULL,NULL,NULL,1,1,3,'00:00:00','2014-04-28',NULL),(405,'02:47:00','Rovina - AUT',2,NULL,125,170,83.740,30.000,NULL,NULL,NULL,NULL,1,1,3,'00:00:00','2014-04-30',NULL),(406,'01:25:00','Zapracovanie pred pretekom - Tatr.Štrba a späť',2,NULL,NULL,NULL,42.500,29.900,NULL,NULL,NULL,NULL,1,1,3,'00:00:00','2014-04-26',NULL),(407,'04:30:00','Preteky Krupina, rozjazd. 20\', vyjazd 20\', pretek 3.50h',2,NULL,150,186,141.000,35.700,NULL,NULL,NULL,NULL,1,1,3,'00:00:00','2014-04-27',NULL),(408,'04:23:00','rozjazdenie 2.20h, potom 1x5\', 1x Braunsberg T1 -  8:05, 2x5\', 1x1\'T2, vyjazdenie 30\'',2,NULL,136,183,131.500,29.900,NULL,NULL,NULL,NULL,1,1,3,'00:00:00','2014-05-01',NULL),(409,'04:51:00','Devín - Stupava - Pernek - Malacky - Rohožník - Pernek - Baba - zjazd - Baba - Pernek - Stupava - Lamač - St.Grunty',3,NULL,126,164,142.580,29.300,NULL,NULL,NULL,NULL,1,1,3,'00:00:00','2014-05-02',NULL),(410,'01:05:00','Wolfsthal - Berg - Kittse - BA',2,NULL,104,150,26.360,24.400,NULL,NULL,NULL,NULL,1,1,3,'00:00:00','2014-05-04',NULL),(411,'03:21:00','čunovo, Kittse, Gattendorf, Rohrau, Petronell, Hainburg',2,NULL,122,159,96.710,28.700,NULL,NULL,NULL,NULL,1,1,3,'00:00:00','2014-05-05',NULL),(412,'00:30:00','',2,NULL,NULL,NULL,0.000,0.000,NULL,NULL,NULL,NULL,5,1,3,'00:00:00','2014-05-05',NULL),(413,'04:18:00','Rajka - Nickelsdorf - Gattendorf - 1x 7\'T1 - Kittse - Berg - 1x 1\'T2 - Edelsthal - Prellenkirchen - 1x 7\'T1 - Rohrau - Petronell - 1x 1\'T2 - Hainburg - 1x T1 Braunsberg za 8:00, vyjazdenie BA',2,NULL,131,180,125.570,29.100,NULL,NULL,NULL,NULL,1,1,3,'00:00:00','2014-05-06',91),(414,'02:15:00','Rovina, Bratislava, AUT',3,NULL,115,158,64.000,28.000,NULL,NULL,NULL,NULL,1,1,3,'00:00:00','2014-05-07',NULL),(415,'03:20:00','Lučivná - Šuňava - Štrba - Štrbské pl - Smokovce - T.Lomnica - V.Lomnica - Mlynica - N.Lesná - V.Slavkov - Poprad(Veľká)',3,NULL,127,167,92.050,27.500,NULL,NULL,NULL,NULL,1,1,3,'00:00:00','2014-05-09',NULL),(416,'04:28:00','T.Štrba - Štrbské pleso - Smokovce - T.lomnica - Mlynica - 1x10\' T1 cez N.Lesnú do D. Smokovca, St.Smokovec - 1x10\' T1 Hrebienok - St.Smokovec - Nová polianka - 1x10\' T1 - V.Hágy. Št.Pleso - Svit - PP',2,NULL,135,181,122.000,27.400,2021,NULL,NULL,NULL,1,1,3,'00:00:00','2014-05-10',91),(417,'03:55:00','Svit - Mengusovce - V.Hagy - St.Pleso - Vazec - Strba - Lucivna - Mengusovce - V.Hagy - St.Smokovec - D.Smokovec - T.Lomnica - V.Lomnica - Mlynica',3,NULL,129,168,107.200,27.300,1561,NULL,NULL,NULL,1,1,3,'00:00:00','2014-05-11',NULL),(418,'01:00:00','',2,NULL,NULL,NULL,0.000,0.000,NULL,NULL,NULL,NULL,4,1,3,'00:00:00','2014-05-13',NULL),(419,'03:30:00','Rakúsko, cyklistické stezky',2,NULL,126,162,96.560,27.600,NULL,NULL,NULL,NULL,1,1,3,'00:00:00','2014-05-14',NULL),(420,'02:00:00','',2,NULL,NULL,NULL,0.000,0.000,NULL,NULL,NULL,NULL,4,1,3,'00:00:00','2014-05-15',NULL),(421,'01:57:00','Zapracovanie, v druhej polovici 3x 30sek ANP s 1\' pauzou',1,NULL,133,174,57.400,29.000,NULL,NULL,NULL,NULL,1,1,3,'00:00:00','2014-05-17',NULL),(422,'03:35:00','Slovenský pohár masters - Pernek \r\n20min rozjazdenie, \r\n3hod pretek\r\n15min vyjazdenie,\r\n10.miesto',2,NULL,NULL,NULL,130.000,0.000,NULL,NULL,NULL,NULL,1,1,3,'00:00:00','2014-05-18',NULL),(423,'02:16:00','Kittse - Čunovo - BA - Wolfstahl - Berg ',3,NULL,116,158,62.600,27.600,NULL,NULL,NULL,NULL,1,1,3,'00:00:00','2014-05-19',NULL),(424,'03:15:00','',2,NULL,130,180,94.650,29.100,NULL,NULL,NULL,NULL,1,1,3,'00:00:00','2014-05-21',NULL),(425,'04:07:00','R - O1 prvé 2hodiny, potom 3xBraunsberg v strmej polovici silovo 30ot/min (ANP-T1). Následne cez Schlosshof, 3x šprint 30sek, vyjazdenie cez devínsku',2,NULL,135,179,113.200,27.610,NULL,NULL,NULL,NULL,1,1,3,'00:00:00','2014-05-22',NULL),(426,'04:23:00','Zvlnený terén + 2 x braunsberg',2,NULL,139,169,124.800,28.000,NULL,NULL,NULL,NULL,1,1,3,'00:00:00','2014-05-23',NULL),(427,'03:40:00','Berg - Kittse - Pama - Gattendorf - Rohrau - Bruck - Gottlesbrun - Hoflein - Winden - Petronell - Hainburg - Prellenkirchen - Edelstahl - Berg',2,NULL,124,170,106.400,28.900,NULL,NULL,NULL,NULL,1,1,3,'00:00:00','2014-05-25',NULL),(428,'04:10:00','2 aerobne, 7x 1\' T2 s 5 až 10min pauzami. Vyjazdenie 50\'',2,NULL,125,175,121.130,29.000,NULL,NULL,NULL,NULL,1,1,3,'00:00:00','2014-05-26',NULL),(429,'03:55:00','',2,NULL,131,171,115.700,29.600,NULL,NULL,NULL,NULL,1,1,3,'00:00:00','2014-05-27',NULL),(430,'01:25:00','Kompenzacia\r\n',2,NULL,113,146,35.900,25.400,NULL,NULL,NULL,NULL,1,1,3,'00:00:00','2014-05-28',NULL),(431,'01:50:00','Zapracovanie.',1,NULL,125,177,53.600,28.900,NULL,NULL,NULL,NULL,1,1,3,'00:00:00','2014-05-30',NULL),(432,'03:52:00','Jarná klasika 3.12h, 27miesto celkovo, 7.miesto v Kat. 23rok. 1.Miesto F.Gabor - 3.05h\r\n',1,NULL,160,188,140.000,36.000,NULL,NULL,NULL,NULL,1,1,3,'00:00:00','2014-05-31',NULL),(433,'03:00:00','ľahší vytrvalostný tréning',2,NULL,125,156,76.470,26.300,NULL,NULL,NULL,NULL,1,1,3,'00:00:00','2014-06-01',NULL),(434,'05:00:00','bike, defekt :(',2,NULL,NULL,NULL,140.000,28.000,NULL,NULL,NULL,NULL,1,1,3,'00:00:00','2014-04-05',NULL),(435,'01:30:00','Vyjazdenie',2,NULL,NULL,NULL,40.000,26.600,NULL,NULL,NULL,NULL,1,1,3,'00:00:00','2014-04-06',NULL),(436,'05:01:00','BA - Prellenkirchen - Hainburg - Marcheg - Untersiebenbrunn - Orth /Donau - Bad Altenburg - Petronell - Rohrau - Gattendorf - Pama - Kittse - BA ',2,NULL,122,168,146.700,29.200,NULL,NULL,NULL,NULL,1,1,3,'00:00:00','2014-06-03',NULL),(437,'05:00:00','Devínska - Marcheg - Lasse - Petronell - Rohrau - Gaisensdorf - Wilfeinsdorf - Kaisersteinbruch - Winden - Parndorf - Gattendorf - Pama - Edelstal - Berg - BA',1,NULL,128,173,149.500,29.600,NULL,NULL,NULL,NULL,1,1,3,'00:00:00','2014-06-04',NULL),(438,'01:50:00','Zapracovanie - Devínska - Marcheg - Hainburg - BA',2,NULL,NULL,NULL,56.000,30.000,NULL,NULL,NULL,NULL,1,1,3,'00:00:00','2014-06-06',NULL),(439,'02:51:00','Sliezky vrchár. 1hodina rozjadenie, 30 min pretek. 1.20h s Paťom Popradské pleso (silovo).\r\nSliezky dom - 28:44',3,NULL,NULL,NULL,70.000,24.400,2178,NULL,NULL,NULL,1,1,3,'00:00:00','2014-06-07',NULL),(440,'03:15:00','Lučivná, Šuňava, Štrba, Štrbské pleso, T.lomnica, Mlynica, N.Lesná, Podlesom, Poprad ',2,NULL,128,156,94.300,28.800,NULL,NULL,NULL,NULL,1,1,3,'00:00:00','2014-06-08',NULL),(441,'02:35:00','Pama - Gattendorf - Neudorf - Prellenkirchen - Hainburg - Berg - BA',2,NULL,127,164,72.500,27.800,NULL,NULL,NULL,NULL,1,1,3,'00:00:00','2014-06-10',NULL),(442,'04:55:00','Berg - Prellenkirchen - Rohrau - Petronell - Hainburg - T1 Braunsberg 8\' 01\" - Devínska n.Ves - Stupava - Lamač - Železná studnička - Biely kríž',2,NULL,139,183,137.000,27.800,NULL,NULL,NULL,NULL,1,1,3,'00:00:00','2014-06-11',NULL),(443,'02:55:00','Rovina, ťapkanie, nohy celkom tvrdé',3,NULL,116,160,77.000,26.700,NULL,NULL,NULL,NULL,1,1,3,'00:00:00','2014-06-12',NULL),(444,'01:47:00','Zapracovanie',2,NULL,128,174,53.450,30.100,NULL,NULL,NULL,NULL,1,1,3,'00:00:00','2014-06-14',NULL),(445,'04:15:00','Preteky Sl.p. Masters Čachtice, 7.miesto, \r\n30\' rozjazenie, 3,05h pretek, 40\' vyjazdenie',2,NULL,156,183,145.000,34.110,NULL,NULL,NULL,NULL,1,1,3,'00:00:00','2014-06-15',NULL),(446,'02:00:00','Vyjazdenie',3,NULL,113,151,53.800,27.000,NULL,NULL,NULL,NULL,1,1,3,'00:00:00','2014-06-16',NULL),(447,'02:22:00','Berg - Kittse - Pama - Kittse - Edelstahl - Berg - Hainburg - Devínska - Devín',1,NULL,124,163,70.480,29.800,NULL,NULL,NULL,NULL,1,1,3,'00:00:00','2014-06-18',NULL),(448,'00:40:00','',2,NULL,NULL,NULL,7.700,10.000,NULL,NULL,NULL,NULL,5,1,3,'00:00:00','2014-06-18',NULL),(449,'02:06:00','Poprad - T.Štrba - Poprad - Hranovnica - Sp.Bystre - Poprad',1,NULL,132,163,61.880,29.100,NULL,NULL,NULL,NULL,1,1,3,'00:00:00','2014-06-21',NULL),(450,'04:35:00','25min rozjadenie\r\n3:45min pretek\r\n25min vyjazdenie\r\n1.miesto Fejes Gabor,\r\n2.miesto - ja +1\' 37\",\r\n3.miesto - Rusina Rudolf + 3\' 43\"\r\n110km v úniku vo dvojici  ',1,NULL,NULL,NULL,147.690,28.400,NULL,NULL,288,1087,1,1,3,'00:00:00','2014-06-22',NULL),(451,'01:40:00','na rit, nohy unavené ešte od nedele',3,NULL,NULL,NULL,47.800,28.100,NULL,NULL,NULL,NULL,1,1,3,'00:00:00','2014-06-19',NULL),(452,'02:30:00','Štrba - Važec - T.Štrba - Štrbské pl. - Smokovce - N.Lesná - Poprad',2,NULL,NULL,NULL,71.700,29.000,NULL,NULL,208,873,1,1,3,'00:00:00','2014-06-23',NULL),(453,'04:01:00','Poprad - L.Mikuláš - Sportakus - späť',2,NULL,NULL,NULL,120.000,29.800,NULL,NULL,NULL,NULL,1,1,3,'00:00:00','2014-06-25',NULL),(454,'04:10:00','Lipt. Teplička, Lučivná, PP, Vápenica, T.Štrba, Št. pleso, Smokovce, N.Lesná ',2,NULL,NULL,NULL,118.400,28.400,1499,NULL,213,702,1,1,3,'00:00:00','2014-06-26',NULL),(455,'02:30:00','Pokazené MSR, iba 4 okruhy z 12',3,NULL,155,185,80.000,32.000,NULL,NULL,NULL,NULL,1,1,3,'00:00:00','2014-06-29',NULL),(456,'02:03:00','zaprac.',2,NULL,NULL,NULL,57.100,27.900,NULL,NULL,215,961,1,1,3,'00:00:00','2014-06-28',NULL),(457,'02:05:00','Hranovnica - Sp.Bystré - Lipt. Teplička - Lučivná - Poprad',1,NULL,132,166,61.700,29.600,NULL,NULL,NULL,NULL,1,1,3,'00:00:00','2014-07-01',NULL),(458,'04:33:00','Smokovce - V.Hágy - Mengusovce - Visová - Sp.Bystré - Hranovnica - Hôrka - Jánovce - Vrbov - Huncovce - V. Lomnica - T. Lomnica - Smokovce - Poprad. 7x 1\' T2 s pauzami okolo 10 - 15min',2,NULL,131,179,123.100,27.000,NULL,NULL,NULL,NULL,1,1,3,'00:00:00','2014-07-02',NULL),(459,'04:00:00','N.Lesná - D. Smokovec - T.Polianka - Svit - Poprad - Sp.Belá - Kotlina - Lomnica - Smokovce - Poprad',3,NULL,127,160,111.850,28.200,NULL,NULL,NULL,NULL,1,1,3,'00:00:00','2014-07-03',NULL),(460,'02:05:00','T.Štrba - Poprad - N. Lesná',2,NULL,127,164,59.300,28.400,NULL,NULL,NULL,NULL,1,1,3,'00:00:00','2014-07-05',NULL),(461,'03:40:00','Tour de Volcano ako rýchly tréning. 30.miesto, 16. v kategórií do 29rokov. Víťaz G.Fejéš',2,NULL,145,186,135.000,36.800,NULL,NULL,NULL,NULL,1,1,3,'00:00:00','2014-07-06',NULL),(462,'00:35:00','Volcano rozjazd +vyjazd.',2,NULL,NULL,NULL,15.000,25.000,NULL,NULL,NULL,NULL,1,1,3,'00:00:00','2014-07-06',NULL),(463,'04:20:00','Lučivná, Štrba, Štrbské pl. Podbanské, L.Hrádok, Východná, Mengusovce, V.Hágy, T.Polianka, Svit, Poprad',2,NULL,129,166,127.000,29.500,NULL,NULL,NULL,NULL,1,1,3,'00:00:00','2014-07-07',NULL),(464,'00:30:00','Beh - pod les a spať..',2,NULL,131,161,5.600,0.000,NULL,NULL,NULL,NULL,2,1,3,'00:05:38','2014-07-09',NULL),(465,'01:15:00','Trenažér',2,NULL,129,152,0.000,0.000,NULL,NULL,NULL,NULL,4,1,3,'00:00:00','2014-07-09',NULL),(466,'05:48:00','Poprad - Štrba - Važec - Lipt.Mikuláš - T1 Huty 20:50, Lipt. Mikuláš, Lipt.Hrádok,Hybe => 2x T1 ( 3\' a 5\' => Východná, Važec, T.Štrba, Poprad',2,NULL,137,178,168.000,29.000,NULL,NULL,NULL,NULL,1,1,3,'00:00:00','2014-07-10',NULL),(467,'00:30:00','Beh - pod les a späť',2,NULL,130,148,5.000,10.000,NULL,NULL,NULL,NULL,2,1,3,'00:06:00','2014-07-11',NULL),(468,'03:30:00','PP - Dolný Smokovec - Nová Lesná - Veľký Slavkov - Mlynica - Kežmarok - T.Kotlina - T.Lomnica - Smokovce - T.Polianka - Podskalka - Poprad',2,NULL,124,161,96.000,28.000,NULL,NULL,NULL,NULL,1,1,3,'00:00:00','2014-07-11',NULL),(469,'01:00:00','Korčule - Svit',2,NULL,NULL,NULL,14.000,14.000,NULL,NULL,NULL,NULL,5,1,3,'00:00:00','2014-07-13',NULL),(470,'03:15:00','Hranovnica - Sp.Bystré - Poprad - Sp.Teplica - L.Dolina - Šuňava - Štrba - Važec - Poprad',3,NULL,133,169,92.300,28.400,1229,NULL,NULL,NULL,1,1,3,'00:00:00','2014-07-13',NULL),(471,'04:45:00','Sp.Bystré, Hranovnica, Poprad, V.Lomnica, T.Lomnica, Hrebienok T1 (9:49), T.Polianka, Sliezky dom, V.Hágy, Popradské pleso T1 (13:00), Št.pleso, T.Štrba, Poprad',2,NULL,135,179,122.500,25.700,2686,NULL,NULL,NULL,1,1,3,'00:00:00','2014-07-14',NULL),(472,'01:05:00','',2,NULL,NULL,NULL,16.600,15.500,NULL,NULL,NULL,NULL,5,1,3,'00:00:00','2014-07-15',NULL),(473,'01:00:00','',3,NULL,117,NULL,27.500,27.500,NULL,NULL,NULL,NULL,1,1,3,'00:00:00','2014-07-15',NULL),(474,'01:20:00','PP - T.Štrba - PP',2,NULL,130,172,40.000,29.500,NULL,NULL,NULL,NULL,1,1,3,'00:00:00','2014-07-17',NULL),(475,'04:00:00','Poprad. Sunava. Strbske pleso. Popradske pleso. Sliezky dom T1 - 29:50 od cesty, Smokovce. Hrebienok. Nova lesna. Mlynica. Poprad',1,NULL,141,182,102.000,25.300,NULL,NULL,NULL,NULL,1,1,3,'00:00:00','2014-07-18',91),(476,'01:00:00','',2,NULL,NULL,NULL,16.400,16.400,NULL,NULL,NULL,NULL,5,1,3,'00:00:00','2014-07-18',NULL),(477,'06:00:00','PP - Štrba - Važec - Lipt. Mikuláš - Lipt. Trnovec - Bešeňová - Lipt. Mikuláš - Lipt. Hrádok - Podbanské - Štrbské pl - Smokovce - D.Smokovec - PP',1,NULL,129,173,178.900,29.800,NULL,NULL,NULL,NULL,1,1,3,'00:00:00','2014-07-19',NULL),(478,'01:15:00','Korčule',2,NULL,NULL,NULL,19.400,15.300,NULL,NULL,NULL,NULL,5,1,3,'00:00:00','2014-07-21',NULL),(479,'01:16:00','PP - Mlynica - D.Smokovec - N.Lesná - V.Slavkov - PP ',2,NULL,121,161,36.800,28.700,NULL,NULL,NULL,NULL,1,1,3,'00:00:00','2014-07-21',NULL),(480,'00:38:00','',1,NULL,133,164,6.840,0.000,NULL,NULL,NULL,NULL,2,1,3,'00:00:00','2014-07-22',NULL),(481,'02:00:00','',1,NULL,129,171,60.400,30.200,NULL,NULL,NULL,NULL,1,1,3,'00:00:00','2014-07-22',NULL),(482,'04:34:00','Sp.Bystré, Vernár, Stratená, Dobšiná, Mlynky, SNV, Levoča, Poprad',2,NULL,NULL,NULL,128.500,28.200,NULL,NULL,NULL,NULL,1,1,3,'00:00:00','2014-07-23',NULL),(483,'01:45:00','PP - T.Štrba - PP - V.Slavkov - Mlynica - PP',2,NULL,134,184,52.700,30.200,NULL,NULL,NULL,NULL,1,1,3,'00:00:00','2014-07-25',NULL),(484,'05:40:00','Tatry Tour - 5:18h, 21. miesto celkovo, 5.miesto v kat. 23rok. ',2,NULL,NULL,NULL,200.000,35.290,NULL,NULL,NULL,NULL,1,1,3,'00:00:00','2014-07-26',NULL),(485,'01:10:00','',2,NULL,NULL,NULL,19.300,16.600,NULL,NULL,NULL,NULL,5,1,3,'00:00:00','2014-07-27',NULL),(486,'01:35:00','Jánovce - Vrbov - Ľubica - Kežmarok - V.Lomnica - Poprad',3,NULL,119,163,44.700,28.000,NULL,NULL,NULL,NULL,1,1,1,'00:00:00','2014-07-27',NULL),(487,'00:32:00','Morning run ',2,NULL,146,162,6.000,0.000,NULL,NULL,NULL,NULL,2,1,3,'00:05:32','2014-07-29',NULL),(488,'02:09:00','',2,NULL,128,NULL,61.250,28.600,NULL,NULL,NULL,NULL,1,1,3,'00:00:00','2014-07-29',NULL),(489,'03:00:00','Tréning s Davorom. Stále nejaké tvrdé nohy.',3,NULL,119,169,83.000,27.660,NULL,NULL,NULL,NULL,1,1,3,'00:00:00','2014-07-30',NULL),(490,'00:38:00','',2,NULL,138,NULL,6.800,10.730,NULL,NULL,NULL,NULL,2,1,3,'00:00:00','2014-07-31',NULL),(491,'04:25:00','PP - Štrba - Važec - Hybe - Čertovica - Hyba - T.Štrba - PP',2,NULL,NULL,NULL,127.000,28.700,NULL,NULL,NULL,NULL,1,1,3,'00:00:00','2014-07-31',NULL),(492,'02:10:00','Zapracovanie, T.Štrba, Štrba, PP, D.Smokovec -PP',2,NULL,133,179,62.600,28.900,NULL,NULL,NULL,NULL,1,1,3,'00:00:00','2014-08-02',NULL),(493,'04:20:00','Štiavnické zlaté preteky, 8.miesto,\r\nvíťaz - G.Fejes',1,NULL,154,182,134.400,31.100,2820,NULL,NULL,NULL,1,1,3,'00:00:00','2014-08-03',NULL),(494,'01:00:00','',2,NULL,NULL,NULL,17.000,17.000,NULL,NULL,NULL,NULL,5,1,3,'00:00:00','2014-08-04',NULL),(495,'04:23:00','L.Dolina, Poprad, Štrbské pleso, Smokovce, Hrebienok, T.Kotlina, Kežmarok, Mlynica, poprad',2,NULL,137,165,130.400,29.700,1500,NULL,NULL,NULL,1,1,3,'00:00:00','2014-08-04',NULL),(496,'00:32:00','Obaľovačka',2,NULL,NULL,NULL,6.300,0.000,NULL,NULL,NULL,NULL,2,1,3,'00:05:10','2014-08-06',NULL),(497,'01:32:00',' ',1,NULL,131,161,48.100,31.200,NULL,NULL,196,702,1,1,3,'00:00:00','2014-08-06',NULL),(498,'04:00:00','Šuňava, Važec, Štrba, Lučivná, T.štrba, Štrbské pleso 1x 20\', T.Štrba, Štrbské pleso 1x10\', Smokovce, Poprad.',2,NULL,135,178,119.200,29.800,1493,NULL,195,632,1,1,3,'00:00:00','2014-08-07',NULL),(499,'05:29:00','Sp. Belá, Slovenská ves, Sp. Stará Ves, Niedzica, T.Bukowina, Lysa poľana, Ždiar, T.Kotlina, T.Lomnica, D.Smokovec, Poprad',2,NULL,133,162,156.900,28.600,1964,NULL,203,597,1,1,3,'00:00:00','2014-08-08',NULL),(500,'01:05:00','',2,NULL,NULL,NULL,16.700,15.300,NULL,NULL,NULL,NULL,5,1,3,'00:00:00','2014-08-10',NULL),(501,'02:52:00','',2,NULL,129,163,84.500,29.300,NULL,NULL,181,1066,1,1,3,'00:00:00','2014-08-10',NULL),(502,'00:32:00','',2,NULL,NULL,NULL,6.700,0.000,NULL,NULL,NULL,NULL,2,1,3,'00:04:49','2014-08-11',NULL),(503,'03:57:00','2hod rozjazdenie,\r\n5x4\' T1, začiatok na 360W, nástup 15sek na 500+ W, zvyšok úseku na 450W.\r\nPauza 2min, po treťom úseku 20min,  ',1,NULL,140,182,117.600,29.800,NULL,NULL,192,963,1,1,3,'00:00:00','2014-08-11',91),(504,'00:32:00','',2,NULL,NULL,NULL,7.100,0.000,NULL,NULL,NULL,NULL,2,1,3,'00:04:26','2014-08-12',NULL),(505,'01:20:00','Trenažér, ľahko',2,NULL,127,146,35.400,25.200,NULL,NULL,NULL,NULL,4,1,3,'00:00:00','2014-08-12',NULL),(506,'04:11:00','1x 13\' T1 na Starý smokovec, 1x 17\' T1 na Štrbské pleso ',2,NULL,133,176,122.200,29.200,NULL,NULL,206,677,1,1,3,'00:00:00','2014-08-13',91),(507,'05:06:00','Hranovnica, L.Teplička, Čierny Váh, HN Čierny Váh, L.Hrádok, Podbanské, Š.pleso, Štrba, Lučivná, PP',2,NULL,130,156,139.000,27.200,2568,NULL,199,596,1,1,3,'00:00:00','2014-08-14',NULL),(508,'00:50:00','Vyjazdenie',2,NULL,122,139,23.000,27.800,NULL,NULL,NULL,NULL,1,1,3,'00:00:00','2014-08-15',NULL),(509,'01:05:00','Korčule',2,NULL,NULL,NULL,16.800,15.100,NULL,NULL,NULL,NULL,5,1,3,'00:00:00','2014-08-18',NULL),(510,'02:45:00','Važec - Štrba - Šuňava - L.Teplička - Hranovnica - Poprad',3,NULL,133,162,80.900,29.500,NULL,NULL,192,449,1,1,3,'00:00:00','2014-08-18',NULL),(511,'01:34:00','Janovce, Vrbov, Huncovce, Mlynica, V.Slavkov, N.Lesná, Poprad. V druhej polovici tr. 3x 20sek šprint s 2 min pauzami',1,NULL,145,174,48.100,30.600,NULL,NULL,219,1120,1,1,3,'00:00:00','2014-08-19',NULL),(512,'02:30:00','Lučivná, Šuňava, Štrba, Štrbské pleso, 2x 4min VO2max s 2min pauzou, Smokovce, N.Lesná, V.Slavkov, Poprad',1,NULL,144,181,74.600,30.000,NULL,NULL,218,NULL,1,1,3,'00:00:00','2014-08-20',NULL),(513,'01:50:00','',1,NULL,131,153,52.500,0.000,NULL,NULL,NULL,NULL,4,1,3,'00:00:00','2014-08-21',NULL),(514,'02:00:00','',2,NULL,145,168,54.900,27.500,NULL,NULL,213,768,1,1,3,'00:00:00','2014-08-21',NULL),(515,'01:45:00','',1,NULL,137,177,54.300,31.100,NULL,NULL,207,NULL,1,1,3,'00:00:00','2014-08-23',NULL),(516,'04:21:00','Kláštor pod Znievom',1,NULL,148,185,161.700,37.100,1792,NULL,223,NULL,1,1,3,'00:00:00','2014-08-24',NULL),(517,'04:36:00','Turčok, Revúca, Muráň, Tisovec, Brezno, Červená skala, Muráň, Revúca, Turčok',2,NULL,131,166,134.180,29.100,NULL,NULL,NULL,NULL,1,1,1,NULL,'2014-08-30',NULL),(518,'03:51:00','Turčok, Muráň, Červená skala, Pusté pole, 1x5\' T1, Vernár, 1x13\' T1, Červená skala, Muránska Huta, 1x2\' T2, Muráň, Turčok',2,NULL,139,177,103.940,26.900,NULL,NULL,NULL,NULL,1,1,1,NULL,'2014-08-29',NULL),(519,'03:12:00','Važec, Hybe, Hrádok a späť',2,NULL,137,159,94.100,29.600,NULL,NULL,NULL,NULL,1,1,1,NULL,'2014-08-28',NULL),(520,'01:00:00','Trenažér',2,NULL,131,158,26.600,26.600,NULL,NULL,NULL,NULL,4,1,1,NULL,'2014-08-27',NULL),(521,'00:31:30','Beh',2,NULL,0,0,6.500,11.000,NULL,NULL,NULL,NULL,2,1,1,NULL,'2014-08-28',NULL),(522,'00:32:00','Beh',2,NULL,0,0,6.500,11.000,NULL,NULL,NULL,NULL,2,1,1,NULL,'2014-08-27',NULL),(523,'05:37:19','Lysá poľana, Zakopané, Czarna gora, Podspády, Kežmarok',2,NULL,137,160,163.100,29.000,NULL,NULL,NULL,NULL,1,1,1,NULL,'2014-08-25',NULL),(524,'00:30:00','Beh',2,NULL,0,0,6.000,12.000,NULL,NULL,NULL,NULL,2,1,1,NULL,'2014-09-01',NULL),(525,'01:15:00','Lučivná, Štrba, T.Štrba, Svit, Poprad',1,NULL,138,155,41.400,32.600,NULL,NULL,NULL,NULL,1,1,1,NULL,'2014-09-01',NULL),(526,'02:31:27','T.Štrba, Štrba, Lučivná, Štrbské pleso - 8x1\' 450W s 1\' pauzami. Smokovce, Poprad',2,NULL,141,178,79.200,31.400,NULL,NULL,NULL,NULL,1,1,1,NULL,'2014-09-02',NULL),(527,'06:42:00','Levoca, Uloza, St. Lubovna, Č. Kaštor, Veľká Franková, Osturňa, Ždiar, T. Lomnica, D. Smokovec, Poprad',2,NULL,132,158,195.100,29.100,NULL,NULL,NULL,NULL,1,1,1,NULL,'2014-09-03',NULL),(528,'02:55:00','Poprad - Važec - Lučivná - Sp. Teplica - D.Smokovec - Mlynica - Poprad ',2,NULL,133,159,85.600,29.300,NULL,NULL,NULL,NULL,1,1,1,NULL,'2014-09-05',NULL),(529,'01:28:00','Poprad, T.Štrba, Štrba, Lučivná, Svit, Poprad',2,NULL,135,162,46.000,31.300,NULL,NULL,NULL,NULL,1,1,1,NULL,'2014-09-06',NULL),(530,'02:30:00','Časovka Gemerská poloma. No power data :/',2,NULL,146,180,75.000,29.700,NULL,NULL,NULL,NULL,1,1,1,NULL,'2014-09-07',NULL),(531,'01:00:00','Vyjazdeníčko',2,NULL,118,135,29.300,29.100,NULL,NULL,NULL,NULL,1,1,1,NULL,'2014-09-08',NULL),(532,'02:00:00','Sunava, Teplicka, Hranovnica, 3x 15\" sprint',2,NULL,131,171,60.000,30.000,NULL,NULL,NULL,NULL,1,1,1,NULL,'2014-09-09',NULL),(533,'02:02:00','Strba, Strbske pleso - krizovatka, krizovatka 342W, 19:45',2,NULL,144,178,63.100,31.000,NULL,NULL,NULL,NULL,1,1,1,NULL,'2014-09-10',NULL),(534,'01:36:00','T.Štrba - Štrba - Svit - Poprad - smer Smokovce - Poprad',2,NULL,137,170,51.000,31.900,NULL,NULL,NULL,NULL,1,1,1,NULL,'2014-09-12',NULL),(535,'02:50:00','MSR Časovka vrch. 7.miesto',2,NULL,157,183,65.810,22.600,NULL,NULL,NULL,NULL,1,1,1,NULL,'2014-09-13',NULL),(536,'02:40:00','',2,NULL,134,171,78.400,29.100,NULL,NULL,NULL,NULL,1,1,1,NULL,'2014-09-14',NULL),(537,'01:57:00','Bratislava',2,NULL,126,155,55.100,28.300,NULL,NULL,NULL,NULL,1,1,1,NULL,'2014-09-16',NULL),(538,'03:08:00','BA - Kittse - Prellenkirchen - Hainburg - Braunsberg T1 8:05 - Berg - Prellenkirchen\r\n 1x 8\' T1 - Wolfstahl - BA',2,NULL,137,183,95.100,30.300,NULL,NULL,NULL,NULL,1,1,1,NULL,'2014-09-17',NULL),(539,'00:55:00','Kompenzacia',2,NULL,117,137,25.400,26.800,NULL,NULL,NULL,NULL,1,1,1,NULL,'2014-09-18',NULL),(540,'03:37:00','5x20\" sprint, 1x5\' VO2max',2,NULL,131,180,104.900,29.000,NULL,NULL,NULL,NULL,1,1,1,NULL,'2014-09-19',NULL),(541,'04:47:00','',2,NULL,135,145,0.000,0.000,NULL,NULL,NULL,NULL,1,1,1,NULL,'0000-00-00',NULL),(542,'04:47:00','Bruck kopce + Braunsberg',2,NULL,135,175,140.200,29.300,NULL,NULL,NULL,NULL,1,1,1,NULL,'2014-09-20',NULL),(543,'01:10:00','Vyjazdenie',2,NULL,113,137,29.800,25.600,NULL,NULL,NULL,NULL,1,1,1,NULL,'2014-09-21',NULL),(544,'01:47:00','Devínska, Hainburg, Prellenkirchen, Berg, 3 x šprint 20sek, s 1\' pauzou',2,NULL,126,172,52.100,29.100,NULL,NULL,NULL,NULL,1,1,1,NULL,'2014-09-23',NULL),(545,'02:20:00','Zapracovanie',2,NULL,135,172,70.700,30.200,NULL,NULL,NULL,NULL,1,1,1,NULL,'2014-09-27',NULL),(546,'02:50:00','3x Braunsberg',2,NULL,132,170,76.700,27.000,NULL,NULL,NULL,NULL,1,1,1,NULL,'2014-09-25',NULL),(547,'04:37:00','Po 113km 1x 13\' T1 čunovo - petržalka ',2,NULL,131,180,135.400,29.200,NULL,NULL,NULL,NULL,1,1,1,NULL,'2014-09-24',NULL),(548,'02:20:00','Timova casovka liptovsky mikulas. 35:42\r\n2.miesto',2,NULL,142,180,71.400,30.700,NULL,NULL,NULL,NULL,1,1,1,NULL,'2014-09-28',NULL),(549,'00:55:00','Vyjazdenie',2,NULL,123,150,24.600,27.600,NULL,NULL,NULL,NULL,1,1,1,NULL,'2014-09-29',NULL),(551,'01:05:00','Po nachladení light',2,NULL,134,162,30.700,28.000,NULL,NULL,NULL,NULL,1,1,1,NULL,'2014-10-05',NULL),(552,'00:58:00','',2,NULL,135,167,28.000,28.900,NULL,NULL,NULL,NULL,1,1,1,NULL,'2014-10-06',NULL),(553,'00:30:00','',2,NULL,0,0,5.500,11.000,NULL,NULL,NULL,NULL,2,1,1,NULL,'2014-10-07',NULL),(554,'01:50:00','1x šprint 15sek v druhej polovici',2,NULL,139,174,53.400,29.800,NULL,NULL,NULL,NULL,1,1,1,NULL,'2014-10-07',NULL),(555,'00:33:00','Beh trail',2,NULL,0,0,5.700,11.000,NULL,NULL,NULL,NULL,2,1,1,NULL,'2014-10-08',NULL),(556,'02:46:14','2x sprint 20sek s dlhsou pauzou',2,NULL,138,171,81.600,29.400,NULL,NULL,NULL,NULL,1,1,1,NULL,'2014-10-08',NULL),(557,'02:34:00','1x tvrdy sprint 20sek, 1x zrychlenie 40sek v sedle, 2x 20sek sprint na lahke otacky cca 130-140 ot/min',2,NULL,134,173,77.800,30.300,NULL,NULL,NULL,NULL,1,1,1,NULL,'2014-10-10',NULL),(558,'00:34:00','Beh trail',2,NULL,0,0,5.900,11.000,NULL,NULL,NULL,NULL,2,1,1,NULL,'2014-10-11',NULL),(559,'03:07:00','3x tvrdy sprint 20sek s minutovou pauzou',2,NULL,137,173,95.300,30.600,NULL,NULL,NULL,NULL,1,1,1,NULL,'2014-10-11',NULL),(560,'04:00:00','Zvlneny teren. Neikolkokrat v kratkych vyslapoch cca 1min so sedla na 70ot/min, nasledne v zjazde vysoke otacky 120ot/min.',2,NULL,133,164,117.900,29.400,NULL,NULL,NULL,NULL,1,1,1,NULL,'2014-10-12',NULL),(561,'00:32:00','Trail',2,NULL,0,0,5.800,11.200,NULL,NULL,NULL,NULL,2,1,1,NULL,'2014-10-14',NULL),(562,'02:57:00','2x 1\' zrýchlený úsek na 120ot do ANP - T1 pauza 1min',2,NULL,130,168,90.800,30.400,NULL,NULL,NULL,NULL,1,1,1,NULL,'2014-10-14',NULL),(563,'00:34:00','Trail',2,NULL,0,0,6.100,10.600,NULL,NULL,NULL,NULL,2,1,1,NULL,'2014-10-15',NULL),(564,'03:48:00','2\' T1 pauza 1min nasledne 2x 20sek sprint nadoraz s 1min vysoka frekvencia a 1minuta recovery',2,NULL,129,171,108.900,28.600,NULL,NULL,NULL,NULL,1,1,1,NULL,'2014-10-15',NULL),(566,'00:40:00','Trail + cesta',2,NULL,0,0,7.600,12.660,NULL,NULL,NULL,NULL,2,1,1,NULL,'2014-10-17',NULL),(568,'02:00:00','Trenazer rozjazd 20min 110-130W\r\n20min 160W\r\n20min 200W\r\nnasledujucich 45min striedavo 5mim 130W 5min 220W\r\n2x1\' 430W s frekvenciou 110ot/min s 2min pauzou\r\nvyjazdenie 10min 130W\r\n',2,NULL,133,171,51.200,25.600,NULL,NULL,NULL,NULL,4,1,1,NULL,'2014-10-17',NULL),(569,'01:00:00','Posilnovanie - lower body',2,NULL,0,0,0.000,0.000,NULL,NULL,NULL,NULL,7,1,1,NULL,'2014-10-18',NULL),(570,'00:50:00','Beh - poprad - les + cesta',2,NULL,0,0,9.800,11.760,NULL,NULL,NULL,NULL,2,1,1,NULL,'2014-10-18',NULL),(571,'01:00:00','Posilnovanie upper body',2,NULL,0,0,0.000,0.000,NULL,NULL,NULL,NULL,7,1,1,NULL,'2014-10-19',NULL),(572,'00:59:00','Beh Zamčisko',2,NULL,0,0,10.600,10.800,NULL,NULL,NULL,NULL,2,1,1,NULL,'2014-10-19',NULL),(573,'00:42:00','Beh - Cesta + trail BA',2,NULL,0,0,7.400,11.400,NULL,NULL,NULL,NULL,2,1,1,NULL,'2014-10-21',NULL),(574,'01:57:00','Ľahká jazda, svalovka všade z víkendu',2,NULL,128,157,56.300,28.700,NULL,NULL,NULL,NULL,1,1,1,NULL,'2014-10-21',NULL),(575,'00:36:00','Beh - prevažne cesta, záver 10min kopec trail',2,NULL,0,0,6.100,10.000,NULL,NULL,NULL,NULL,2,1,1,NULL,'2014-10-22',NULL),(576,'02:00:00','130\r\n160\r\n\r\n220 110ot + 290 90ot+ 130 100ot',2,NULL,0,0,0.000,0.000,NULL,NULL,NULL,NULL,4,1,1,NULL,'2014-10-22',NULL),(577,'02:58:00','3x 90\" zrýchlený úsek do T1 (v sedle 100-110ot) s 5-8min pauzou',2,NULL,131,176,88.800,29.700,NULL,NULL,NULL,NULL,1,1,1,NULL,'2014-10-24',NULL),(578,'01:00:00','Posilňovanie chrbát, ramená, prsia, core',2,NULL,0,0,0.000,0.000,NULL,NULL,NULL,NULL,7,1,1,NULL,'2014-10-25',NULL),(579,'02:00:00','45min na 130 - 160W, následne 6x cyklus 1\' zo sedla, 5\' 90ot 200W, 1\' so sedla, 3\' 130W. Vyjazdenie posledných 15\'',2,NULL,125,166,52.300,25.800,NULL,NULL,NULL,NULL,4,1,1,NULL,'2014-10-25',NULL),(580,'01:00:00','Leg day',2,NULL,0,0,0.000,0.000,NULL,NULL,NULL,NULL,7,1,1,NULL,'2014-10-26',NULL),(581,'03:04:00','Easy ride',2,NULL,131,158,88.700,28.800,NULL,NULL,NULL,NULL,1,1,1,NULL,'2014-10-26',NULL),(582,'00:45:00','Pretočiť nohy',2,NULL,115,132,17.500,23.100,NULL,NULL,NULL,NULL,4,1,1,NULL,'2014-10-27',NULL),(583,'00:51:00','Beh, cesta + trail',2,NULL,0,0,9.600,11.000,NULL,NULL,NULL,NULL,2,1,1,NULL,'2014-10-28',NULL),(584,'02:34:00','Bike zľahka',2,NULL,126,147,68.700,26.800,NULL,NULL,NULL,NULL,1,1,1,NULL,'2014-10-28',NULL),(585,'01:00:00','Posilňovanie chrbát, ramená, core',2,NULL,0,0,0.000,0.000,NULL,NULL,NULL,NULL,7,1,1,NULL,'2014-10-29',NULL),(586,'03:30:00','Rovina light + v závere 2x Braunsberg, prudká časť 1x so sedla, 1x v sedle celá',2,NULL,128,164,96.700,27.700,NULL,NULL,NULL,NULL,1,1,1,NULL,'2014-10-29',NULL),(587,'00:30:00','T V O - iba vytočenie tej svalovky na lýtkach',2,NULL,116,135,10.800,21.600,NULL,NULL,NULL,NULL,4,1,1,NULL,'2014-10-30',NULL),(588,'00:47:00','beh - trail čisto',2,NULL,0,0,8.300,11.290,NULL,NULL,NULL,NULL,2,1,1,NULL,'2014-10-31',NULL),(589,'02:20:00','Light cesta - good feeling',2,NULL,125,157,63.300,27.200,NULL,NULL,NULL,NULL,1,1,1,NULL,'2014-10-31',NULL),(590,'00:25:00','New balance minimus :) nove botičky, test',2,NULL,0,0,4.200,10.700,NULL,NULL,NULL,NULL,2,1,1,NULL,'2014-11-01',NULL),(591,'02:45:00','Aeróbny tréning, niekoľko krát vysoká frekvencia v sedle aj so sedla.',2,NULL,128,153,80.500,29.200,NULL,NULL,NULL,NULL,1,1,1,NULL,'2014-11-01',NULL),(592,'01:00:00','Posilnovanie nohy',2,NULL,0,0,0.000,0.000,NULL,NULL,NULL,NULL,7,1,1,NULL,'2014-11-02',NULL),(593,'02:37:00','Lahky aerobny trening, ale nohy som citil kvalitne',2,NULL,125,154,71.800,27.500,NULL,NULL,NULL,NULL,1,1,1,NULL,'2014-11-02',NULL),(594,'00:40:00','Beh trail nové boty pekne 40min na otlaky :)',2,NULL,0,0,7.600,11.250,NULL,NULL,NULL,NULL,2,1,1,NULL,'2014-11-04',NULL),(595,'02:54:00','Rovinka + offroad medzi hranicami :) vietor fúkal ako besný motkal som sa.',2,NULL,130,161,77.100,26.600,NULL,NULL,NULL,NULL,1,1,1,NULL,'2014-11-04',NULL),(596,'01:00:00','Posilka, trochu chrbat, ramena, cicky, svihadlo',2,NULL,0,0,0.000,0.000,NULL,NULL,NULL,NULL,7,1,1,NULL,'2014-11-05',NULL),(597,'03:38:00','Bruckov kopec striedavo minuta so sedla minuta v sedle na 80ot/min. Potom cez vinice 12min v O1 vysoke otacky a rozsprintovat z tociek. V zavere 2x so sedla vysoka frekvencia 140ot/min',2,NULL,128,162,100.300,27.600,NULL,NULL,NULL,NULL,1,1,1,NULL,'2014-11-05',NULL),(598,'00:30:00','pretočiť nohy',2,NULL,105,117,10.400,20.400,NULL,NULL,NULL,NULL,4,1,1,NULL,'2014-11-06',NULL),(599,'01:00:00','easy one. just to feel the spin.',2,NULL,122,153,22.300,24.200,NULL,NULL,NULL,NULL,4,1,1,NULL,'2014-11-07',NULL),(600,'01:00:00','Posilňovanie, nohy',2,NULL,0,0,0.000,0.000,NULL,NULL,NULL,NULL,7,1,1,NULL,'2014-11-08',NULL),(601,'00:55:00','Beh, cesta 50%, offroad 50%',2,NULL,155,166,10.100,11.200,NULL,NULL,NULL,NULL,2,1,1,NULL,'2014-11-08',NULL),(602,'01:00:00','Veslo trenazer 5min. Chrbat, brucho',2,NULL,0,0,0.000,0.000,NULL,NULL,NULL,NULL,7,1,1,NULL,'2014-11-09',NULL),(603,'01:03:00','Beh Kvetnica Zamcisko',2,NULL,153,170,10.900,10.500,NULL,NULL,NULL,NULL,2,1,1,NULL,'2014-11-09',NULL),(604,'00:35:00','T V O - Vyjazdenie trenažér',2,NULL,110,140,13.300,22.800,NULL,NULL,NULL,NULL,4,1,1,NULL,'2014-11-10',NULL),(605,'00:30:00','Beh trail',2,NULL,155,166,5.500,11.000,NULL,NULL,NULL,NULL,2,1,1,NULL,'2014-11-11',NULL),(606,'01:50:00','3x okruh vinicami v AUT, freknčne, zo sedla, na techniku',2,NULL,128,158,50.500,27.300,NULL,NULL,NULL,NULL,1,1,1,NULL,'2014-11-11',NULL),(607,'01:00:00','Posilňovanie, nohy - drepy lýtka, zakopávanie',2,NULL,0,0,0.000,0.000,NULL,NULL,NULL,NULL,7,1,1,NULL,'2014-11-12',NULL),(608,'03:30:00','Devínska, Lasse, Hainburg, 2x Braunsberg',2,NULL,132,164,88.800,25.600,NULL,NULL,NULL,NULL,1,1,1,NULL,'2014-11-12',NULL),(609,'00:55:00','30min tempo 5:30min/km, potom 1km za 3:45, výklus tempo 6:00min/km',2,NULL,149,173,10.700,12.000,NULL,NULL,NULL,NULL,2,1,1,NULL,'2014-11-13',NULL),(610,'00:40:00','T V O',2,NULL,108,128,14.800,22.200,NULL,NULL,NULL,NULL,4,1,1,NULL,'2014-11-14',NULL),(611,'01:30:00','Zapracovanie',2,NULL,121,160,39.100,25.500,NULL,NULL,NULL,NULL,4,1,1,NULL,'2014-11-15',NULL),(612,'01:10:00','20min zaprac + Pretek Študentský beh, 12.5km, tempo 4:18min/km, čas 51:45, +6:33 na víťaza, 24miesto(16. do 26rokov). ',2,NULL,173,180,15.500,13.280,NULL,NULL,NULL,NULL,2,1,1,NULL,'2014-11-16',NULL),(613,'01:00:00','Upper body',2,NULL,0,0,0.000,0.000,NULL,NULL,NULL,NULL,7,1,1,NULL,'2014-11-17',NULL),(614,'01:30:00','Easy spin, trošku hranie sa s frekvenciou ale inak nič náročné, po nedeľnom behu to ani nešlo',2,NULL,112,150,36.700,24.400,NULL,NULL,NULL,NULL,4,1,1,NULL,'2014-11-17',NULL),(615,'02:00:00','Lahky trening, mega vietor, fajny obed',2,NULL,122,148,52.100,25.900,NULL,NULL,NULL,NULL,1,1,1,NULL,'2014-11-20',NULL),(616,'01:00:00','Posilnovanie nohy. Drep v maximalke 80kg 12opakovani, lytka, zakopavanie a lahky core training',2,NULL,0,0,0.000,0.000,NULL,NULL,NULL,NULL,7,1,1,NULL,'2014-11-19',NULL),(617,'03:03:00','Pohodova intenzita + 1x hecovacka, sprint na edelstalsky brdok',2,NULL,129,163,84.000,27.500,NULL,NULL,NULL,NULL,1,1,1,NULL,'2014-11-19',NULL),(618,'01:00:00','Chrbát, brucho',2,NULL,0,0,0.000,0.000,NULL,NULL,NULL,NULL,7,1,1,NULL,'2014-11-21',NULL),(619,'02:59:00','Rovina, niekoľko šprintov na ľahký prevod...',2,NULL,124,161,83.700,28.000,NULL,NULL,NULL,NULL,1,1,1,NULL,'2014-11-21',NULL),(620,'03:50:00','Vytrvalost, stridanie prevodov, so sedla...zvlneny teren',2,NULL,124,156,105.300,27.500,NULL,NULL,NULL,NULL,1,1,1,NULL,'2014-11-22',NULL),(621,'00:54:00','Beh 2x1km T1, tempo 3:40, 3:27',2,NULL,0,0,9.900,11.000,NULL,NULL,NULL,NULL,2,1,1,NULL,'2014-11-23',NULL),(622,'03:06:00','Zvlneny teren, striedanie prevodov, great feeling',2,NULL,130,158,87.300,28.000,NULL,NULL,NULL,NULL,1,1,1,NULL,'2014-11-23',NULL),(623,'00:40:00','Začal ma pobolievať bedrový kĺb :/ ',2,NULL,135,158,5.500,8.250,NULL,NULL,NULL,NULL,2,1,1,NULL,'2014-11-25',NULL),(624,'01:31:00','Trenažér, aeróbne, hranie sa s frekvenciou, 3km cykly.',2,NULL,125,160,34.200,27.100,NULL,NULL,NULL,NULL,4,1,1,NULL,'2014-11-25',NULL),(625,'01:00:00','Posilňovanie, prsia, ramená, triceps\r\n',2,NULL,0,0,0.000,0.000,NULL,NULL,NULL,NULL,7,1,1,NULL,'2014-11-26',NULL),(626,'03:26:00','Hainburg, Schlosshof, Devínska, BA, hrázda, BA. Easy training',2,NULL,125,174,92.300,26.900,NULL,NULL,NULL,NULL,1,1,1,NULL,'2014-11-26',NULL),(627,'01:00:00','Posilňovanie, celé telo, po tri série, lýtka, zakopávanie, drepy cez špičku na legpresse, drepy s olympíjskou činkou, mŕtvy ťah, zhyby kladka, veslo kladka, trapezy',2,NULL,0,0,0.000,0.000,NULL,NULL,NULL,NULL,7,1,1,NULL,'2014-11-28',NULL),(628,'01:40:00','Trenažér, aerobne, v závere 2x1min 430W na 110ot/min',2,NULL,125,173,42.000,25.000,NULL,NULL,NULL,NULL,4,1,1,NULL,'2014-11-28',NULL),(629,'01:50:00','55min zapracovanie\r\n30sek nástup na 400W\r\n5min T1 na 345W\r\n3min pauza 120W\r\n20min ťažký prevod 80ot/min na 270W striedané s krátkymi 15-30sek nástupmi\r\n6min pauza 160W 110ot/min\r\n6min 240W\r\nInverzné intervaly tempo/nástup 50/10 40/20 30/30 20/40 10/50 sek\r\nvyjazdenie 8min\r\n',2,NULL,142,179,48.200,28.200,NULL,NULL,NULL,NULL,4,1,1,NULL,'2014-11-29',NULL),(630,'01:00:00','Kruhový tréning, celé telo',2,NULL,0,0,0.000,0.000,NULL,NULL,NULL,NULL,7,1,1,NULL,'2014-11-30',NULL),(631,'01:30:00','Striedavo 2km frekvenčne, 2km ťažké prevody + zo sedla',2,NULL,128,160,40.800,27.100,NULL,NULL,NULL,NULL,4,1,1,NULL,'2014-11-30',NULL),(632,'00:40:00','Beh po tyzdni bolavych klbov opat s dobrymi pocitmi',2,NULL,148,171,6.500,9.700,NULL,NULL,NULL,NULL,2,1,1,NULL,'2014-12-02',NULL),(633,'01:30:00','Trenazer. 2x 1min sprint 430-500W v sedle na 105-120 ot',2,NULL,126,172,38.900,25.900,NULL,NULL,NULL,NULL,4,1,1,NULL,'2014-12-02',NULL),(634,'00:40:00','Lahky beh. Klby v pohode, pripraveny na sobotny pretek',2,NULL,146,166,6.600,10.000,NULL,NULL,NULL,NULL,1,1,1,NULL,'2014-12-03',NULL),(635,'01:35:00','rozjazdenie 35min\r\n10min 235W\r\n2min 130W pauza\r\n2min 360W T1\r\n2min 130W pauza\r\n8min 235W \r\n2min pauza\r\n4min 360W-400W\r\n4min 130W\r\n6min 235W\r\n6x 40\"sprint 440-470W v sedle a 20\" pauza\r\nVyjazdenie 10min',2,NULL,135,178,45.200,28.500,NULL,NULL,NULL,NULL,4,1,1,NULL,'2014-12-03',NULL),(636,'01:20:00','Zapracovanie cisto aerobne frekvencne',2,NULL,124,161,35.400,26.300,NULL,NULL,NULL,NULL,4,1,1,NULL,'2014-12-05',NULL),(637,'01:00:00','Zimná séria Bratislava 10k, 4:07 min/km, 10.3km - 42:20,  29.miesto celkovo z 407 štart. +6:40, ',2,NULL,175,181,14.000,14.000,NULL,NULL,NULL,NULL,2,1,1,NULL,'2014-12-06',NULL),(638,'01:00:00','Brucho, prsia, ramená',2,NULL,0,0,0.000,0.000,NULL,NULL,NULL,NULL,7,1,1,NULL,'2014-12-07',NULL),(639,'01:30:00','50min ľahko 130-160W, potom 2x15\' 240-280W 90-105ot/min, 10min vyjazdenie',2,NULL,126,163,40.000,26.100,NULL,NULL,NULL,NULL,4,1,1,NULL,'2014-12-07',NULL),(640,'02:30:00','',2,NULL,128,159,66.800,26.700,NULL,NULL,NULL,NULL,1,1,1,NULL,'2014-12-09',NULL),(641,'00:55:00','Horský park 8x 240 schodov. Po jednom po dvoch striedavo. Posledné dve na maximum.',2,NULL,138,178,5.000,5.450,NULL,NULL,NULL,NULL,2,1,1,NULL,'2014-12-10',NULL),(642,'02:28:00','Aeróbny tréning. Po ranných schodoch mi frekvencia veľmi nešla. cca 90ot/min',2,NULL,125,159,65.000,26.300,NULL,NULL,NULL,NULL,1,1,1,NULL,'2014-12-10',NULL),(643,'00:30:00','Vyjazdenie, trenažér.',2,NULL,108,127,11.290,22.600,NULL,NULL,NULL,NULL,4,1,1,NULL,'2014-12-11',NULL),(644,'00:45:00','Beh lahky, koleno bedro trosku pobolievaju, v zjazdoch opatrne v stupaniach ok, necitit.',2,NULL,141,163,7.500,10.000,NULL,NULL,NULL,NULL,2,1,1,NULL,'2014-12-12',NULL),(645,'01:53:00','Zvlenený trerén, super tempo, frekvencia.',2,NULL,135,167,51.900,27.600,NULL,NULL,NULL,NULL,1,1,1,NULL,'2014-12-12',NULL),(646,'01:00:00','Kruhový tréning, prsia, výpady, chrbát veslo kladka, trup úklony, ramená, podrep s barbell, triceps',2,NULL,0,0,0.000,0.000,NULL,NULL,NULL,NULL,7,1,1,NULL,'2014-12-13',NULL),(647,'02:00:00','30 rozjazd,\r\n4x 3min úsek = 1min 115-120ot, 1min so sedla 90-95ot, 1min v sedle 90ot. \r\npauza 30sek.\r\n1x 3\' T1 rovina, \r\n30min aerobne, \r\n15sek šprint následne pár minúť ťažší prevod a so sedla v krátkom stúpaní ',2,NULL,132,175,56.200,28.100,NULL,NULL,NULL,NULL,1,1,1,NULL,'2014-12-13',NULL),(648,'01:00:00','30\' chrbat - zhyby kladka, mrtvy tah, činka príťahy.\r\n30\' nohy - drepy so zavazim na hrudi, drepy so zavazim na ramenach, lytka vypony, vyskoky schody 2x4 znožmo',2,NULL,0,0,0.000,0.000,NULL,NULL,NULL,NULL,7,1,1,NULL,'2014-12-14',NULL),(649,'02:25:00','Vyjazdenie, nohy pomaly ale isto KO',2,NULL,120,148,64.400,26.700,NULL,NULL,NULL,NULL,1,1,1,NULL,'2014-12-14',NULL),(650,'00:30:00','vyjazdenie',2,NULL,112,127,11.200,22.400,NULL,NULL,NULL,NULL,1,1,1,NULL,'2014-12-15',NULL),(651,'01:00:00','Horsky park schody 9x240\r\n3 x (po jednom, po dvoch, po troch)',2,NULL,139,175,5.000,5.000,NULL,NULL,NULL,NULL,2,1,1,NULL,'2014-12-16',NULL),(652,'01:02:00','stupňovito v otáčkach 90 - 100 - 110 zmeny po 2km úsekoch',2,NULL,125,156,26.000,25.200,NULL,NULL,NULL,NULL,4,1,1,NULL,'2014-12-16',NULL),(653,'01:00:00','Posilňovanie, core, ramená, prsia',2,NULL,0,0,0.000,0.000,NULL,NULL,NULL,NULL,7,1,1,NULL,'2014-12-17',NULL),(654,'02:23:00','Nohy trochu hluché po včerajších schodoch. Aeróbny tréning, v druhej časti špurt v miernom stúpaní cca 35sek.',2,NULL,127,176,65.200,27.300,NULL,NULL,NULL,NULL,1,1,1,NULL,'2014-12-17',NULL),(655,'01:00:00','Posilnovanie - nohy',2,NULL,0,0,0.000,0.000,NULL,NULL,NULL,NULL,7,1,1,NULL,'2014-12-18',NULL),(656,'01:40:00','Cesta zvlnený terén, super pocit. teplo :)',2,NULL,130,160,47.400,28.800,NULL,NULL,NULL,NULL,1,1,1,NULL,'2014-12-18',NULL),(657,'00:45:00','Beh 40min, 20x výskoky shody, 2min výklus',2,NULL,150,167,6.900,10.500,NULL,NULL,NULL,NULL,2,1,1,NULL,'2014-12-20',NULL),(658,'01:33:00','Poprad-T.Strba- spat 3x30sek sprint',2,NULL,138,169,40.000,25.700,NULL,NULL,NULL,NULL,1,1,1,NULL,'2014-12-20',NULL),(659,'00:40:00','Kompenzačné cvičenia, predkolenia, členky, lýtka, bedrá',2,NULL,0,0,0.000,0.000,NULL,NULL,NULL,NULL,7,1,1,NULL,'2014-12-21',NULL),(660,'01:10:00','Zámčisko T1 - 14:26',2,NULL,150,180,10.700,10.100,NULL,NULL,NULL,NULL,2,1,1,NULL,'2014-12-21',NULL),(661,'01:00:00','Posilňovanie, nohy',2,NULL,0,0,0.000,0.000,NULL,NULL,NULL,NULL,7,1,1,NULL,'2014-12-22',NULL),(662,'01:45:00','2rundy cez Hranovnicu. Dubina 1.krát minúta v sedle minúta so sedla. V druhom kole striedanie po 2 min',2,NULL,138,166,44.200,24.800,NULL,NULL,NULL,NULL,1,1,1,NULL,'2014-12-22',NULL),(663,'03:00:00','Aerobne ale proti vetru to bolo aj dosť silovo, uvidíme zajtra',2,NULL,134,159,76.300,25.300,NULL,NULL,NULL,NULL,1,1,1,NULL,'2014-12-24',NULL),(664,'03:01:00','2x vápenica z lopušnej T1 za 4:30',2,NULL,138,179,77.600,25.700,NULL,NULL,NULL,NULL,1,1,1,NULL,'2014-12-25',NULL),(665,'01:03:00','Beh zámčisko aerobne',2,NULL,145,167,10.500,10.000,NULL,NULL,NULL,NULL,2,1,1,NULL,'2014-12-26',NULL),(666,'02:50:00','',2,NULL,135,162,73.400,25.900,NULL,NULL,NULL,NULL,1,1,1,NULL,'2014-12-26',NULL),(667,'02:17:00','Chodnik 3x. Zaver popod les, jeden usek so sedla vysoka frekvencia. ',2,NULL,131,162,57.500,25.100,NULL,NULL,NULL,NULL,1,1,1,NULL,'2014-12-28',NULL),(668,'00:30:00','',2,NULL,142,159,5.700,11.500,NULL,NULL,NULL,NULL,2,1,1,NULL,'2014-12-29',NULL),(669,'03:00:00','',2,NULL,132,178,73.600,24.600,NULL,NULL,NULL,NULL,1,1,1,NULL,'2014-12-29',NULL),(670,'00:50:00','Posilnovanie, nohy',2,NULL,0,0,0.000,0.000,NULL,NULL,NULL,NULL,7,1,1,NULL,'2014-12-30',NULL),(671,'02:58:00','',2,NULL,129,159,72.800,24.500,NULL,NULL,NULL,NULL,1,1,1,NULL,'2014-12-30',NULL),(672,'02:52:00','',2,NULL,130,160,71.200,24.800,NULL,NULL,NULL,NULL,1,1,1,NULL,'2014-12-31',NULL),(673,'01:20:00','Valce',2,NULL,125,146,40.600,30.100,NULL,NULL,NULL,NULL,4,1,1,NULL,'2015-01-02',NULL),(674,'01:10:00','Valce',2,NULL,126,151,36.000,30.900,NULL,NULL,NULL,NULL,4,1,1,NULL,'2015-01-03',NULL),(675,'00:55:00','Beh, kopec na zámčisko 2x5min VO2max, tempo 5:10min/km, GAP 3:30min/km, pauza medzi úsekmi a po skončení druhého 4min chôdza, ukľudnenie pod 120tepov',2,NULL,150,182,9.240,10.000,NULL,NULL,NULL,NULL,2,1,1,NULL,'2015-01-03',NULL),(676,'01:10:00','Valce',2,NULL,132,154,36.500,30.500,NULL,NULL,NULL,NULL,4,1,1,NULL,'2015-01-04',NULL),(677,'01:00:00','Kvetnica hore na zámčisko strmou stranou po odbočku, dole, na záver schody 25 výskokov',2,NULL,138,166,10.000,10.000,NULL,NULL,NULL,NULL,2,1,1,NULL,'2015-01-04',NULL),(678,'00:30:00','Kompenzácia, cvičenie Theraband lýtka, bedrá, zadok. Valce fix prevod zrýchľovanie otáčok z 80 na 105 po 5min.',2,NULL,0,0,0.000,0.000,NULL,NULL,NULL,NULL,8,1,1,NULL,'2015-01-05',NULL),(679,'01:20:00','Valce, častá jazda zo sedla na niekoľko sekúnd, cca každé 2-3min na 30-40sek. Zo sedla sa mi celkom darí jazdiť aj vyššiu frekvenciu 80-90ot/min.',2,NULL,131,160,40.000,30.000,NULL,NULL,NULL,NULL,4,1,1,NULL,'2015-01-06',NULL),(680,'00:45:00','Beh, easy, great feeling. Pred aj po niekoľko desiatok výskokov na shodoch iba lýtka!',2,NULL,143,172,7.500,10.000,NULL,NULL,NULL,NULL,2,1,1,NULL,'2015-01-06',NULL),(681,'01:40:00','Inverzné intervaly simulácia stúpaní ťažší prevod 85-95ot/min, 35min rozjazdenie, T1 6\' - 5 - 4 - 3 - 2, pauzy 4\' - 5 - 6 -7\r\nvyjazdenie 20\'',2,NULL,138,176,50.000,30.000,NULL,NULL,NULL,NULL,4,1,1,NULL,'2015-01-07',NULL),(682,'00:50:00','Nohy system 5 4 3 2 1 na zaver lytka viac serii rozne cviky vahy',2,NULL,0,0,0.000,0.000,NULL,NULL,NULL,NULL,7,1,1,NULL,'2015-01-08',NULL),(683,'01:00:00','Trenažér, nohy off',2,NULL,122,141,25.000,25.000,NULL,NULL,NULL,NULL,4,1,1,NULL,'2015-01-08',NULL),(684,'01:00:00','Posilňovanie prsia, chrbát, brucho, tricep, trapez',2,NULL,0,0,0.000,0.000,NULL,NULL,NULL,NULL,7,1,1,NULL,'2015-01-10',NULL),(685,'01:00:00','Valce, celý nejaký off :/ nenaštartovaný',2,NULL,124,149,27.500,27.500,NULL,NULL,NULL,NULL,4,1,1,NULL,'2015-01-10',NULL),(686,'01:10:00','Valce, super :)',2,NULL,129,148,40.000,34.100,NULL,NULL,NULL,NULL,4,1,1,NULL,'2015-01-11',NULL),(687,'02:22:00','cesta light',2,NULL,129,161,65.400,27.600,NULL,NULL,NULL,NULL,1,1,1,NULL,'2015-01-13',NULL),(688,'00:00:00','T V O infra sauna',2,NULL,0,0,0.000,0.000,NULL,NULL,NULL,NULL,8,1,1,NULL,'2015-01-12',NULL),(689,'03:00:00','Intervaly T1, 4x6\' Braunsberg prudká časť. 1.30h zapracovanie, 50\' vyjazdenie',2,NULL,138,178,76.300,25.500,NULL,NULL,NULL,NULL,1,1,1,NULL,'2015-01-14',NULL),(690,'04:01:00','Vytrvalostný tréning, nohy unavené, roviny + zvlnený t.',2,NULL,126,151,106.600,26.500,NULL,NULL,NULL,NULL,1,1,1,NULL,'2015-01-15',NULL),(691,'00:45:00','Kompenzačné cvičenia, strečing + infra sauna',2,NULL,0,0,0.000,0.000,NULL,NULL,NULL,NULL,8,1,1,NULL,'2015-01-16',NULL),(692,'03:08:00','2x15\' T1 Petržalka Čunovo. rozjazdenie 1.15h, pauza 25min, vyjazdenie 1h.',2,NULL,135,178,89.800,28.600,NULL,NULL,NULL,NULL,1,1,1,NULL,'2015-01-17',NULL),(693,'00:00:00','Fínska sauna',2,NULL,0,0,0.000,0.000,NULL,NULL,NULL,NULL,8,1,1,NULL,'2015-01-17',NULL),(694,'01:00:00','Posilka nohy chrbat',2,NULL,0,0,0.000,0.000,NULL,NULL,NULL,NULL,7,1,1,NULL,'2015-01-18',NULL),(695,'02:20:00','Easy vytocenie',2,NULL,121,157,61.600,26.600,NULL,NULL,NULL,NULL,1,1,1,NULL,'2015-01-18',NULL),(696,'04:00:00','Vytrvalostný tréning, striedanie prevodov, zvlnený terén, jazda so sedla. Easy tempo, čisto na tuky',2,NULL,116,144,106.800,26.600,NULL,NULL,NULL,NULL,1,1,1,NULL,'2015-01-19',NULL),(697,'00:00:00','Fínska sauna',2,NULL,0,0,0.000,0.000,NULL,NULL,NULL,NULL,8,1,1,NULL,'2015-01-20',NULL),(698,'01:10:00','Hrozné nízke tepy!!! behom niekoľkých sekúnd bez točenia padali pod 95. Do vyšších hodnôt, na hranicu O1 to šlo bezbolestne ale tep stúpal veľmi pomaličky',2,NULL,122,152,30.800,27.000,NULL,NULL,NULL,NULL,1,1,1,NULL,'2015-01-21',NULL),(699,'00:45:00','Beh, trail ',2,NULL,138,167,7.500,10.000,NULL,NULL,NULL,NULL,2,1,1,NULL,'2015-01-21',NULL);
/*!40000 ALTER TABLE `training_entry` ENABLE KEYS */;
UNLOCK TABLES;

--
-- Table structure for table `training_plan`
--

DROP TABLE IF EXISTS `training_plan`;
/*!40101 SET @saved_cs_client     = @@character_set_client */;
/*!40101 SET character_set_client = utf8 */;
CREATE TABLE `training_plan` (
  `id` int(11) NOT NULL AUTO_INCREMENT,
  `id_user` int(11) NOT NULL,
  `id_activity` int(11) DEFAULT NULL,
  `date` date NOT NULL,
  `duration` time DEFAULT NULL,
  `description` varchar(1000) DEFAULT NULL,
  `id_label` int(11) DEFAULT NULL,
  PRIMARY KEY (`id`),
  KEY `id_user` (`id_user`),
  KEY `id_activity` (`id_activity`),
  CONSTRAINT `training_plan_ibfk_1` FOREIGN KEY (`id_user`) REFERENCES `user` (`id`),
  CONSTRAINT `training_plan_ibfk_2` FOREIGN KEY (`id_activity`) REFERENCES `activity` (`id`)
) ENGINE=InnoDB AUTO_INCREMENT=464 DEFAULT CHARSET=utf8;
/*!40101 SET character_set_client = @saved_cs_client */;

--
-- Dumping data for table `training_plan`
--

LOCK TABLES `training_plan` WRITE;
/*!40000 ALTER TABLE `training_plan` DISABLE KEYS */;
INSERT INTO `training_plan` VALUES (1,1,1,'2013-04-22','04:00:00','Ľahký vytrvalostný tréning v -Rku, rovina, frekvenčna jazda, rovnomerne tempo, pravidelné dychanie.    ',NULL),(2,1,1,'2013-04-23','04:10:00','Ľahký vytrvalostný tréning v -Rku až Rku, žiadne veľké kopce, dbať na rovnomerné tempo po celú dĺžku tréningu. \r\n\r\nPo tréningu masáž   ',NULL),(7,1,1,'2013-04-26','01:40:00','Zapracovanie pred pretekom, v druhej polovici tréningu - podľa pocitu 1-2x stupňovaný úsek v dĺžke do 2 min až do T1    ',NULL),(9,1,1,'2013-04-24','04:00:00','Ľahký vytrvalostný tréning v -Rku až do Rku v druhej polovici tréningu, podľa pocitu zaradiť aj niekoľko stúpaní. Dbať na rovnomerné tempo po celú dĺžku tréningu. \r\n\r\nPo tréningu masáž                ',NULL),(10,1,8,'2013-04-25','00:00:00','T V O - tréningové voľno  ',NULL),(11,1,1,'2013-04-27','03:20:00','Preteky - kritérium Dudince    ',NULL),(12,1,1,'2013-04-28','04:00:00','Preteky - Slovenský pohár Krupina',NULL),(16,1,1,'2013-04-29','02:00:00','ľahké vyjazdenie 50km  ',NULL),(18,1,8,'2013-04-30','00:00:00','T V O - tréningové voľno   ',NULL),(19,1,1,'2013-05-01','01:20:00','Preteky - Prolog Couriers Path ',NULL),(20,1,1,'2013-05-02','03:50:00','Preteky - 1. etapa Couriers Path ',NULL),(22,1,8,'2013-05-10','00:00:00','TVO - tréningové voľno  ',NULL),(23,1,1,'2013-05-11','04:00:00','Ľahký tréning v prvý deň, rovinka, Gabčíkovo alebo podobne.',NULL),(24,1,1,'2013-05-12','04:00:00','Intervalový tréning, 1x Braunsberg + 1x Čunovo Petržalka, vyjazdenie 45min až 1h ',91),(25,1,1,'2013-05-13','04:00:00','Vytrvalostný tréning, v druhej polovici intenzita na hornej hranici R.',NULL),(27,1,1,'2013-05-07','02:00:00','Ľahký tréning podľa pocitov. ',NULL),(28,1,1,'2013-05-08','04:00:00','Intervalový tréning, 1x Braunsberg + 1x Čunovo Petržalka, vyjazdenie 45min až 1h ',91),(29,1,1,'2013-05-09','04:00:00','Ľahký vytrvalostný tréning. Dbať na rovnomerné tempo, správnu techniku šliapania a dýchania.',NULL),(30,1,1,'2013-05-18','04:00:00','PRETEKY  - GEMENC - 1.etapa\r\n    ',2),(31,1,1,'2013-05-17','01:00:00','Kompenzačný tréning pred pretekmi',NULL),(32,1,1,'2013-05-15','02:00:00','Bežný tréning v prvý deň, rovina  ',NULL),(33,1,1,'2013-05-16','03:00:00','Ľahký tréning, neodpáliť sa.',NULL),(37,1,8,'2013-04-21','00:00:00','TVO - tréningové voľno',NULL),(38,3,2,'2013-05-11','01:00:00','Ľahký tréning na dobrý pocit',NULL),(39,3,2,'2013-05-12','01:20:00','Beh - rozklusanie 30\' potom intervaly v celkovej dĺžke 20\' s pauzami, vyklus do 1,20h',NULL),(42,3,2,'2013-05-13','01:00:00','Výklus po včerajšom tréningu',NULL),(43,1,8,'2013-05-14','00:00:00','T V O - tréningové voľno',1),(44,1,1,'2013-05-19','02:00:00','PRETEKY - GEMENC - 2.etapa',2),(45,1,1,'2013-05-19','01:00:00','PRETEKY - GEMENC - 3. etapa  ',2),(46,1,1,'2013-05-21','02:30:00','Ľahký regeneračný tréning ',NULL),(51,1,8,'2013-05-20','00:00:00','T V O - tréningové voľno    ',1),(52,1,1,'2013-05-22','03:00:00','Ľahký tréning okolo 3 hodín, v pohode pomalé tempo',NULL),(53,1,8,'2013-05-23','00:00:00','T V O - tréningové voľno',1),(54,1,1,'2013-05-24','01:00:00','Zapracovanie pred pretekom',NULL),(55,1,1,'2013-05-25','01:00:00','Prolog - závod mieru',2),(56,1,1,'2013-05-25','03:00:00','1. etapa Závod mieru',2),(57,1,1,'2013-05-26','04:00:00','2.etapa Závod mieru',2),(58,1,1,'2013-05-27','02:00:00','Vyjazdenie po preteku 50 - 55km',NULL),(59,1,8,'2013-05-28','00:00:00','T V O - tréningové voľno',1),(61,1,1,'2013-05-31','04:00:00','Podľa pocitov, môže byť aj intervalový tréning no veľmi sa nezrušiť',91),(62,1,1,'2013-05-30','04:00:00','Dlhší tréning ale zľahka, skúsiť pár 100 metrových úsekov zrýchlene, na ľahkom prevode',NULL),(63,1,1,'2013-06-01','03:00:00','Ľahký tréning, podľa pocitov, nerozbiť sa pred pretekmi.',NULL),(64,1,8,'2013-06-02','00:00:00','T V O -tréningové voľno',1),(65,1,8,'2013-05-29','00:00:00','T V O - Trénningové voľno, masáž',1),(73,1,8,'2013-06-08','00:00:00','TVO - Tréningové voľno ',1),(74,1,8,'2013-06-12','00:00:00','T V O - tréningové voľno',1),(75,1,1,'2013-06-09','04:00:00',' Preteky ak musíš, ale tréningovo, s rezervou',2),(76,1,1,'2013-06-10','04:00:00','',91),(77,1,1,'2013-06-11','03:00:00','Ľahko',NULL),(78,1,1,'2013-06-13','03:00:00','Klasický tréning prvý deň, v pohode frekvenčná jazda nech to má švih ale ide sa ľahko',NULL),(79,1,7,'2013-06-05','01:00:00','Trenažér alebo bike hodinka',NULL),(80,1,1,'2013-06-06','03:00:00','',NULL),(81,1,1,'2013-06-07','04:30:00','',NULL),(83,1,NULL,'1970-01-01','00:00:00','',NULL),(84,1,1,'2013-06-14','04:00:00','Dlhší tréning ale treba myslieť na to že v nedeľu sú preteky preto sa veľmi neodpaľovať a šetriť na nedeľu',NULL),(85,1,1,'2013-06-15','01:00:00','Kompenzačný tréning miesto voľna, nestvrdnúť na riti doma ale ísť sa trochu vyšvihať',NULL),(86,1,1,'2013-06-16','03:00:00','Preteky Čachtice, je to krátke tak sa poriadne rozjazdiť pred pretekom a potom sa nešetriť',2),(87,1,8,'2013-06-17','00:00:00','T V O - tréningové voľno',1),(88,1,1,'2013-06-18','03:00:00','Ľahký vytrvalostný tréning podľa pocitov a podľa náročnosti minulého týždňa',NULL),(89,1,1,'2013-06-19','04:00:00','Dlhší tréning ale bez intervalového tréningu, možno pár krátkych špurtov po vetre na dobrý pocit z rýchlosti ',NULL),(90,1,1,'2013-06-20','03:00:00','Tréning 2 - 3 hodiny podľa únavy/neúnavy, už by tom malo byť len na také vyladenie a dobrý pocit',NULL),(91,1,NULL,'2013-06-21','00:00:00','T V O - tréningové voľno',1),(92,1,1,'2013-06-22','01:40:00','Zapracovanie pred pretekom, stupňovaný úsek do ANP, frekvenčne, proste sa kvalitne rozjazdiť',NULL),(93,1,1,'2013-06-23','05:00:00','M SR - deň \"D\"',2),(94,1,1,'2013-06-24','02:00:00','Vyjazdenie',NULL),(95,1,8,'2013-06-25','00:00:00','T V O \r\n',1),(96,1,1,'2013-06-26','04:00:00','Bike - 1. deň',NULL),(97,1,1,'2013-06-27','04:00:00','intervaly',91),(98,1,1,'2013-06-28','05:00:00','Vytrvalostný tréning 150km',NULL),(99,1,8,'2013-06-29','00:00:00','T V O\r\n',1),(100,1,1,'2013-07-06','04:00:00','Nové mesto na Morave',2),(101,1,1,'2013-07-05','01:40:00','Zapracovanie pred pretekom\r\n',NULL),(102,1,8,'2013-07-04','00:00:00','T V O ',1),(103,1,1,'2013-07-03','01:00:00','Kompenzácia ľahký tréning',NULL),(104,1,1,'2013-06-30','04:00:00','Dĺžka tréningu podľa pocitov, ľahký tréning\r\n',NULL),(105,1,1,'2013-07-01','04:00:00','Dĺžka aj intenzita opäť podľa pocitov',NULL),(106,1,1,'2013-07-02','03:30:00','Ľahký tréning',NULL),(107,1,1,'2013-07-07','02:00:00','Vyjazdenie',NULL),(108,1,1,'2013-07-09','04:00:00','rovina',NULL),(109,1,1,'2013-07-10','02:00:00','ľahký tréning',NULL),(110,1,1,'2013-07-11','04:00:00','Rovina, kopce, podľa chuti',NULL),(111,1,8,'2013-07-12','00:00:00','T V O',1),(112,1,1,'2013-07-13','04:00:00','Ľahký tréning',NULL),(113,1,1,'2013-07-14','04:00:00','2x10km interval Čunovo - Bratislava v druhej polovici tréningu',91),(114,1,1,'2013-07-15','05:00:00','Dlhý vytrvalostný tréning',NULL),(115,1,1,'2013-07-17','04:00:00','Ľahký tréning!',NULL),(116,1,1,'2013-07-18','04:00:00','Intervalový tréning v kopcoch',NULL),(117,1,1,'2013-07-19','05:00:00','Kopce dlhý tréning ',NULL),(118,1,1,'2013-07-27','06:00:00','Tatry tour ',2),(119,1,1,'2013-07-26','01:40:00','Zapracovanie\r\n',NULL),(120,1,8,'2013-07-25','00:00:00','Tréningové voľno',1),(121,1,1,'2013-07-24','01:00:00','Kompenzácia 1h',NULL),(122,1,1,'2013-07-21','01:00:00','Ľahký tréning do 2 hodín ',NULL),(123,1,1,'2013-07-22','04:00:00','Dlhší vytrvalostný tréning bez intervalov',NULL),(124,1,1,'2013-07-23','04:00:00','Podobne dlhší tréning ale na pohodu žiadna rozbíjačka',NULL),(125,1,1,'2013-07-28','02:00:00','Vyjazdenie ',NULL),(126,1,1,'2013-08-25','04:00:00','Preteky',2),(127,1,8,'2013-08-23','00:00:00','T V O ',1),(128,1,8,'2013-08-19','00:00:00','T V O ',NULL),(129,1,8,'2013-08-14','00:00:00','T V O',1),(130,1,1,'2013-08-18','01:00:00','Kompenzácia 1h ',NULL),(131,1,1,'2013-08-13','04:00:00','',NULL),(132,1,1,'2013-08-15','04:00:00','',NULL),(133,1,1,'2013-08-16','04:00:00','',91),(134,1,1,'2013-08-17','04:00:00','',NULL),(135,1,1,'2013-08-12','04:00:00','',NULL),(136,1,1,'2013-08-20','01:30:00','',NULL),(137,1,1,'2013-08-21','04:00:00','',NULL),(138,1,1,'2013-08-22','01:30:00','',NULL),(139,1,1,'2013-08-24','01:30:00','',NULL),(140,1,7,'2013-11-12','01:00:00','Upper body',NULL),(141,1,1,'2013-11-12','02:00:00','',NULL),(142,1,7,'2013-11-13','01:00:00',' Lower body',NULL),(143,1,1,'2013-11-13','02:00:00','',NULL),(144,1,2,'2013-11-15','00:50:00',' ',NULL),(145,1,1,'2013-11-15','01:30:00','',NULL),(146,1,7,'2013-11-16','01:00:00','Upper body',NULL),(147,1,1,'2013-11-16','02:00:00','15\' T1',NULL),(148,1,7,'2013-11-17','01:00:00','lower body, easy',NULL),(149,1,1,'2013-11-17','02:00:00','',NULL),(150,1,7,'2013-11-10','01:00:00','lower body',NULL),(151,1,1,'2013-11-10','03:00:00','',NULL),(152,1,7,'2013-11-09','01:00:00','upper body',NULL),(153,1,1,'2013-11-09','02:00:00','',NULL),(154,1,7,'2013-11-19','01:00:00','Upper body',NULL),(155,1,1,'2013-11-19','02:00:00','',NULL),(156,1,7,'2013-11-20','01:00:00',' Lower body',NULL),(157,1,1,'2013-11-20','02:30:00','',NULL),(158,1,2,'2013-11-22','00:50:00',' ',NULL),(159,1,1,'2013-11-22','01:30:00','',NULL),(160,1,7,'2013-11-23','01:00:00','Upper body',NULL),(161,1,1,'2013-11-23','02:00:00','15\' T1',NULL),(162,1,7,'2013-11-24','01:00:00','lower body, easy',NULL),(163,1,1,'2013-11-24','03:00:00',' ',NULL),(164,1,2,'2014-01-06','01:00:00','',NULL),(165,1,7,'2014-01-06','01:00:00','Trenažér',NULL),(166,1,7,'2014-01-07','00:45:00','Posilnovanie - chrbát',NULL),(167,1,1,'2014-01-07','02:00:00','Bike - cesta podľa počasia. Ak sa nebude dať vonku, tak ráno natiahnúť posilku a potom trenažér 1:30h',NULL),(168,1,7,'2014-01-08','00:45:00','Posilnovanie - ramená, triceps, prsia, mŕtvy ťah',NULL),(169,1,1,'2014-01-08','02:00:00','Cesta rovnako ako v utorok\r\n',NULL),(170,1,8,'2014-01-09','00:00:00','T V O',1),(171,1,2,'2014-01-10','01:00:00','',NULL),(172,1,1,'2014-01-10','02:00:00','',NULL),(173,1,7,'2014-01-11','00:45:00','Posilnovanie, nohy, viac opakovaní nižšie váhy\r\n',NULL),(174,1,1,'2014-01-11','03:00:00','Cesta, aeróbny tréning, vytrvalosť',NULL),(175,1,7,'2014-01-12','00:45:00','Posilnovanie, chrbát',NULL),(176,1,1,'2014-01-12','03:00:00','',NULL),(177,1,8,'2014-01-13','00:00:00','T V O  ',1),(178,1,8,'2014-01-17','00:00:00','T V O',1),(179,1,7,'2014-01-19','00:45:00','Posinovanie - nohy',NULL),(180,1,1,'2014-01-19','03:30:00','Vytrvalosť  ',NULL),(181,1,7,'2014-01-16','00:45:00','Posilnovanie - chrbát',NULL),(183,1,7,'2014-01-15','00:45:00','Posilnovanie - ramená + lýtka',NULL),(184,1,1,'2014-01-18','02:45:00','Light cesta ',NULL),(185,1,2,'2014-01-18','00:45:00','Beh',NULL),(186,1,1,'2014-01-15','03:00:00','Cesta, s intervalom od 5 do 10min',NULL),(187,1,7,'2014-01-14','00:45:00','Posilnovanie - brucho prsia triceps',NULL),(188,1,1,'2014-01-14','02:30:00','Úplne ľahko cesta ',NULL),(189,1,1,'2014-01-16','03:00:00','Vytrvalost kopečky',NULL),(190,1,7,'2014-01-20','00:45:00','Posilnovanie - chrbát',NULL),(191,1,1,'2014-01-20','03:00:00','Bike podla pocasia\r\n',NULL),(192,1,8,'2014-01-21','00:00:00','T V O',1),(193,1,8,'2014-01-24','00:00:00','T V O leňošenie',1),(194,1,8,'2014-01-22','01:30:00','Kompenzacia hodina, hodina a pol',NULL),(195,1,8,'2014-01-23','01:30:00','Kompenzacia hodina, hodina a pol',NULL),(196,1,8,'2014-01-25','04:00:00','predbezne',NULL),(197,1,8,'2014-01-26','04:00:00','Predbezne',NULL),(198,1,8,'2014-01-27','04:00:00','predbezne',NULL),(199,1,8,'2014-01-28','00:00:00','T V O',1),(200,1,7,'2014-01-29','01:00:00','Posilnovanie chrbát',NULL),(201,1,7,'2014-01-30','01:00:00','Posilnovanie nohy',NULL),(203,1,1,'2014-01-29','03:00:00','Podľa podmienok, poprípade kombimnácia bike+trenažér dotočiť. ľahký tréning.',NULL),(204,1,1,'2014-01-30','03:00:00','Podobne ako v stredu...ráno ťažká posilka takže bike len objem\r\n',NULL),(205,1,1,'2014-01-31','03:00:00','Podobne ako streda, štvrtok',NULL),(206,1,7,'2014-01-31','01:00:00','Posilnovanie ramena',NULL),(208,1,8,'2014-02-01','00:00:00','T V O',1),(209,1,1,'2014-02-02','03:30:00',' ',NULL),(210,1,7,'2014-02-04','01:00:00','posilka chrbát',NULL),(211,1,2,'2014-02-03','01:00:00','podľa počasia v BA, môže byť aj bike',NULL),(213,1,8,'2014-02-05','00:00:00','T V O',1),(214,1,7,'2014-02-06','01:00:00','Posilnovanie prsia ',NULL),(215,1,1,'2014-02-06','03:00:00',' ',NULL),(216,1,7,'2014-02-07','01:00:00','Posilka nohy KO',NULL),(217,1,1,'2014-02-07','03:00:00','',NULL),(218,1,7,'2014-02-08','01:00:00','Posilka chrbát',NULL),(219,1,1,'2014-02-08','03:00:00','',NULL),(220,1,8,'2014-02-09','00:00:00','lyže?',NULL),(221,1,8,'2014-02-10','01:00:00','Kompenzácia 1h',NULL),(222,1,7,'2014-02-12','01:00:00','Posilnovanie chrbát',NULL),(223,1,1,'2014-02-11','03:00:00','',NULL),(225,1,1,'2014-02-12','03:00:00','',NULL),(226,1,7,'2014-02-11','01:00:00','Posilnovanie prsia, brucho',NULL),(228,1,8,'2014-02-13','00:00:00','T V O',1),(230,1,1,'2014-02-16','03:30:00','Predbežne ',NULL),(232,1,1,'2014-02-14','02:00:00','Zapracovanie',NULL),(233,1,4,'2014-02-14','01:30:00','Testy',NULL),(234,1,1,'2014-02-17','03:15:00','',NULL),(235,1,2,'2014-02-17','00:45:00','Výklus\r\n',NULL),(236,1,1,'2014-02-18','04:00:00','Vytrvalosť, kopce\r\n',NULL),(237,1,8,'2014-02-19','00:00:00','T V O',1),(238,1,1,'2014-02-20','03:00:00','ľahký tréning',NULL),(239,1,2,'2014-02-24','00:45:00','',NULL),(240,1,1,'2014-02-21','04:00:00','',91),(241,1,7,'2014-02-22','01:00:00','Posilňovanie, chrbát',NULL),(242,1,1,'2014-02-22','03:30:00','Vytrvalostný tréning, kopce',NULL),(243,1,8,'2014-02-23','00:00:00','T V O',1),(244,1,1,'2014-02-24','03:00:00','ľahký tréning, poobede/podvečer výklus - beh 45min',NULL),(245,1,7,'2014-02-26','01:00:00','Posilňovanie ramená triceps',NULL),(246,1,1,'2014-02-25','04:00:00','Rýchlý tréning - 2x13\' T1 rovina čunovo ',NULL),(247,1,1,'2014-02-26','03:00:00','Kopce - biely kríž',NULL),(248,1,8,'2014-02-27','00:00:00','T V O',1),(249,1,1,'2014-02-28','01:30:00','Bike light',NULL),(250,1,1,'2014-03-01','04:00:00','T1 zrýchľovačky Pezinská baba ',91),(251,1,1,'2014-03-02','03:45:00','Vytrvalosť',NULL),(252,1,2,'2014-03-02','00:45:00','Výklus',NULL),(253,1,8,'2014-03-12','00:00:00','T V O',1),(254,1,8,'2014-03-03','00:00:00','T V O',1),(255,1,8,'2014-03-08','00:00:00','T V O',1),(256,1,1,'2014-03-09','03:00:00','light',NULL),(257,1,1,'2014-03-10','03:00:00',' ',NULL),(258,1,1,'2014-03-11','03:00:00',' ',NULL),(259,1,1,'2014-03-04','01:00:00','Kompenzacia',NULL),(260,1,2,'2014-03-13','01:00:00','Beh + večer odlet od Aňušky :( ',NULL),(262,1,1,'2014-03-05','03:00:00','ľahký tréning,',NULL),(263,1,1,'2014-03-06','04:00:00','Tréning s intervalmi 6 x 3\' T1 v miernom kopci alebo po rovine s pauzou 3-5\' ',91),(264,1,1,'2014-03-07','04:00:00','Vytrvalostný tréning, sila v kopcoch\r\n',NULL),(265,1,1,'2014-03-14','04:30:00','Bike, obzerance po okoli, dva tri kratke sprinty',NULL),(266,1,1,'2014-03-15','04:30:00','Bike vytrvalost',NULL),(267,1,2,'2014-03-15','00:45:00','Vyklus',NULL),(268,1,8,'2014-03-16','00:00:00','T V O ',1),(269,1,1,'2014-03-17','04:30:00','Lahky trening, v skupine, rovinka',NULL),(270,1,2,'2014-03-17','00:45:00','Vyklus',NULL),(271,1,1,'2014-03-18','05:00:00','Rýchly trening T1, najradšej by som to išiel v nejakom miernejšom stúpaní okolo 5-7%, useky okolo 5-6min s rovnako dlhou pauzou. Spolu 5-6 úsekov.\r\n\r\nJe tu niečo také, pekné serpentínové stúpanie. 35km o hotela, a smerom na hotel je to stále mierne dole... ideál. ',NULL),(272,1,1,'2014-03-19','05:00:00','Vytrvalost kopce',NULL),(273,1,2,'2014-03-19','00:45:00','Vyklus',NULL),(274,1,8,'2014-03-20','00:00:00','T V O',1),(275,1,1,'2014-03-21','04:30:00','Lahky trening, skupina, rovina, napohodu',NULL),(276,1,2,'2014-03-21','00:45:00','Vyklus\r\n',NULL),(277,1,1,'2014-03-23','04:00:00','Posledný deň, tréning, balenie odlet',NULL),(278,1,1,'2014-03-22','05:00:00','Rýchly tréning T1, opäť by som ho chcel ísť v kopcoch. Nejaké prirodzené úseky. Prudšie kopce okolo 10min. Celkom 30\' T1',91),(279,1,1,'2014-03-29','04:00:00',' ',NULL),(280,1,1,'2014-03-30','04:30:00','T1 cca 20\'',NULL),(281,1,1,'2014-03-31','04:30:00','',NULL),(282,1,2,'2014-03-31','01:00:00','',NULL),(283,1,8,'2014-04-01','00:00:00','T V O',NULL),(284,1,1,'2014-04-22','01:30:00','',NULL),(285,1,1,'2014-04-23','02:30:00','',NULL),(286,1,1,'2014-04-24','04:30:00','',NULL),(287,1,1,'2014-04-26','02:00:00','',NULL),(288,1,1,'2014-04-27','04:30:00','',2),(289,1,1,'2014-04-28','02:00:00','',NULL),(290,1,1,'2014-04-30','02:30:00','',NULL),(291,1,1,'2014-05-01','04:00:00','',91),(292,1,1,'2014-05-02','05:00:00','',NULL),(293,1,1,'2014-05-03','01:30:00','',NULL),(294,1,5,'2014-05-03','01:00:00','',NULL),(296,1,1,'2014-05-06','04:30:00','',91),(297,1,1,'2014-05-07','02:00:00','Kompenzácia, easy',NULL),(298,1,1,'2014-05-09','04:00:00','',NULL),(299,1,1,'2014-05-10','04:30:00',' ',91),(300,1,1,'2014-05-11','04:30:00','',NULL),(301,1,1,'2014-05-18','04:00:00','',2),(302,1,1,'2014-05-17','02:00:00','',NULL),(303,1,1,'2014-05-13','01:30:00','',NULL),(304,1,1,'2014-05-14','02:30:00','',NULL),(305,1,1,'2014-05-15','04:30:00','',NULL),(306,1,1,'2014-05-05','03:00:00','',NULL),(307,1,2,'2014-05-05','01:00:00','',NULL),(308,1,1,'2014-05-19','04:00:00','Normalne vytrvalostny trening, zavisi aj od pocitov, po tom preteku v nedelu by som ale nemal byt uplne off',NULL),(309,1,1,'2014-06-12','03:00:00','',NULL),(310,1,1,'2014-06-14','02:00:00','',NULL),(311,1,1,'2014-06-15','04:00:00','',2),(312,1,1,'2014-06-16','01:45:00','',NULL),(313,1,1,'2014-06-18','04:30:00','',NULL),(314,1,1,'2014-06-19','03:00:00','',NULL),(315,1,1,'2014-06-21','02:00:00','',NULL),(316,1,1,'2014-06-22','05:00:00',' ',2),(317,1,1,'2014-06-23','02:00:00','',NULL),(318,1,1,'2014-06-10','02:30:00','',NULL),(319,1,1,'2014-06-11','05:00:00','',NULL),(320,1,1,'2014-06-25','02:00:00','',NULL),(321,1,1,'2014-06-26','04:30:00','',NULL),(322,1,1,'2014-06-28','02:00:00','Brno',NULL),(323,1,1,'2014-06-29','05:00:00','MSR - Brno',2),(324,1,1,'2014-07-06','04:00:00','Tour de Volcano - cesta 135km ',2),(325,1,1,'2014-07-14','04:00:00','Intervalový tréning T1',91),(326,1,1,'2014-07-13','04:00:00',' ',NULL),(327,1,1,'2014-07-15','01:30:00',' ľahký tréning',NULL),(328,1,1,'2014-07-18','04:30:00',' T2',NULL),(329,1,1,'2014-07-19','05:00:00',' Dlhý vytrvalostný tréning\r\n\r\nhttp://www.strava.com/routes/599307 ',NULL),(330,1,1,'2014-07-26','06:00:00','Tatry tour - Starý smokovec - 195km ',2),(331,1,1,'2014-07-25','02:00:00','Zprac\r\n',NULL),(332,1,NULL,'2014-07-20','00:00:00',' T V O',1),(333,1,1,'2014-07-27','02:00:00','Vyjazdenie  ',NULL),(334,1,NULL,'2014-07-24','00:00:00','T V O',1),(335,1,1,'2014-07-21','01:30:00','Podľa pocitov, buď sa ešte budem potrebovať vytočiť alebo sa len s tým pohrám na dobrý pocit :)',NULL),(336,1,1,'2014-07-22','02:30:00','',NULL),(337,1,1,'2014-07-23','04:30:00','Vytrvalostný tréning',NULL),(338,1,1,'2014-07-17','01:30:00','ľahký tréning ',NULL),(339,1,NULL,'2014-07-16','00:00:00','T V O',1),(340,1,1,'2014-07-05','03:00:00',' ',NULL),(341,1,1,'2014-07-07','04:30:00','',NULL),(342,1,NULL,'2014-07-08','00:00:00','T V O  ',1),(343,1,1,'2014-07-09','01:30:00','',NULL),(345,1,1,'2014-07-10','05:30:00','T1 ',NULL),(346,1,1,'2014-07-11','04:00:00','',NULL),(347,1,NULL,'2014-07-12','00:00:00','T V O',1),(348,1,1,'2014-08-03','04:00:00','',2),(349,1,1,'2014-08-02','02:00:00','',NULL),(350,1,5,'2014-08-04','01:00:00','',NULL),(351,1,1,'2014-08-04','04:00:00','',NULL),(353,1,2,'2014-08-06','00:30:00','',NULL),(354,1,1,'2014-08-06','01:30:00','',NULL),(355,1,1,'2014-08-07','04:00:00',' T1 ',91),(356,1,1,'2014-08-08','05:30:00','',NULL),(357,1,5,'2014-08-10','01:00:00','',NULL),(358,1,1,'2014-08-10','02:30:00','',NULL),(359,1,1,'2014-08-24','04:00:00','',2),(360,1,NULL,'2014-08-22','00:00:00','T V O',1),(361,1,1,'2014-08-19','01:00:00',' 2-3 rýchle krátke šprinty',NULL),(362,1,1,'2014-08-20','02:00:00','1x5\' alebo 2x3\' VO2max',NULL),(363,1,1,'2014-08-21','04:00:00','Vytrvalosť, frekvenčná jazda! ',NULL),(365,1,1,'2014-08-23','02:00:00','Zapracovanie',NULL),(366,1,5,'2014-08-15','01:00:00','',NULL),(370,1,1,'2014-08-13','04:00:00','Intenzívny tréning,   \r\n1x10\' T1 na 380W,\r\n1x20\' T1 Štrbské pleso 360 - 380W, záver k 430W',NULL),(372,1,2,'2014-08-14','00:30:00','',NULL),(374,1,NULL,'2014-08-12','01:00:00','Beh alebo korčule',NULL),(375,1,1,'2014-08-12','01:30:00','kompenzačný tréning\r\n',NULL),(376,1,2,'2014-08-11','04:00:00','Intervalový tréning\r\n3x5\' T1 s 2\' pauzami, po treťom úseku pauza 15 - 20min a opäť 3x5\' T1,\r\núsek: prvé 3min - 360-380W, potom zrýchlenie 15-20sek na 500w, a dotiahnúť úsek na 420-440W ',91),(377,1,1,'2014-08-18','03:00:00','ľahký tréning na rozbeh',NULL),(378,1,1,'2014-08-14','05:30:00',' Dlhý vytrvalostný tréning',NULL),(379,1,5,'2014-08-25','01:00:00','',NULL),(380,1,1,'2014-08-25','04:30:00','Vytrvalosť\r\n',NULL),(381,1,NULL,'2014-08-27','02:00:00','Ľahká aktivita podľa počasia, beh, bike, korčule čokoľvek\r\n',NULL),(382,1,2,'2014-08-28','00:30:00','',NULL),(383,1,1,'2014-08-28','03:30:00','',NULL),(384,1,1,'2014-08-30','05:00:00','Vytrvalosť',NULL),(385,1,1,'2014-08-29','02:30:00','T1-VO2max, krátke ale intenzívne intervaly v súčte 25 - 30 min ',91),(386,1,1,'2014-09-01','03:00:00','',NULL),(387,1,1,'2014-09-03','05:00:00','Vytrvalosť',NULL),(388,1,1,'2014-09-02','03:00:00','Minútové T2 úseky ',NULL),(389,1,1,'2014-09-05','03:00:00','',NULL),(390,1,1,'2014-09-06','01:30:00','',NULL),(391,1,1,'2014-09-07','03:00:00',' ',2),(392,1,1,'2014-09-13','03:00:00','MSR časovka do vrchu',2),(393,1,1,'2014-09-12','01:30:00','',NULL),(394,1,1,'2014-09-14','05:00:00',' ',NULL),(395,1,NULL,'2014-09-08','01:00:00','kompenzácia',NULL),(396,1,1,'2014-09-09','03:00:00','',NULL),(397,1,1,'2014-09-10','04:30:00','',NULL),(398,1,1,'2014-09-28','03:00:00','Casovka Liptovsky Mikulas',2),(399,1,NULL,'1970-01-01','00:00:00','T V O',1),(400,1,NULL,'2014-09-26','00:00:00','T V O',1),(401,1,NULL,'2014-09-22','00:00:00','T V O',1),(402,1,NULL,'2014-09-15','00:00:00','T V O',1),(403,1,1,'2014-09-18','01:00:00','Kompenzacia',NULL),(404,1,1,'2014-09-17','03:00:00','',91),(405,1,1,'2014-09-19','03:00:00','',91),(406,1,1,'2014-09-20','05:00:00','Vytrvalost',NULL),(407,1,1,'2014-09-21','01:30:00','Vyjazdenie ',NULL),(408,1,1,'2014-09-16','03:00:00','Light training',NULL),(409,1,2,'2014-10-31','01:00:00','',NULL),(410,1,1,'2014-10-31','02:40:00',' ',NULL),(411,1,1,'2014-11-01','02:40:00','    ',91),(412,1,7,'2014-11-02','01:00:00','Nohy',NULL),(413,1,1,'2014-11-02','03:00:00','',NULL),(414,1,2,'2014-11-04','00:40:00','beh aerobne',NULL),(415,1,7,'2014-11-05','01:00:00','upper body',NULL),(416,1,1,'2014-11-04','02:00:00','',NULL),(417,1,1,'2014-11-05','02:30:00','',NULL),(418,1,2,'2014-11-06','01:00:00','Trail + cesta kombinacia. V druhej polovici 2x 3-4\' T1 ',NULL),(419,1,4,'2014-11-07','00:45:00','vytočenie',NULL),(420,1,7,'2014-11-08','01:00:00','posilňovanie nohy',NULL),(421,1,2,'2014-11-08','01:00:00','Beh dlhší aerobne',NULL),(422,1,6,'2014-11-09','04:00:00','',NULL),(423,1,2,'2014-11-16','01:20:00','Preteky :)',2),(424,1,7,'2014-11-16','01:00:00','Posilňovanie - upper body',NULL),(425,1,2,'2014-11-15','00:30:00','Ľahký beh',NULL),(426,1,1,'2014-11-15','02:00:00',' zapracovanie',NULL),(427,1,2,'2014-11-13','01:00:00','aerobne trasa preteku',NULL),(428,1,7,'2014-11-12','01:00:00','Posilka nohy ale nerozbiť sa',NULL),(429,1,1,'2014-11-12','02:30:00','',NULL),(430,1,2,'2014-11-11','00:45:00','Beh light',NULL),(431,1,1,'2014-11-11','02:30:00','',NULL),(434,1,4,'2014-12-15','00:35:00','',1),(435,1,2,'2014-12-16','00:50:00','',NULL),(436,1,1,'2014-12-16','02:00:00','',NULL),(437,1,7,'2014-12-17','01:00:00','Upper body',NULL),(438,1,1,'2014-12-17','02:00:00','2x3min T1 medzi nimi pauza 1min. Po dlhsej pauze zopakovat opat 2x3min',91),(439,1,7,'2014-12-18','01:00:00','Posilka nohy dynamicky alebo beh schody',NULL),(440,1,1,'2014-12-18','02:00:00','V pohode',NULL),(441,1,2,'2014-12-20','01:00:00','',NULL),(442,1,6,'2014-12-21','04:00:00','',NULL),(443,1,7,'2014-12-22','01:00:00','Posilnovanie upper body',NULL),(444,1,2,'2014-12-22','01:00:00','',NULL),(445,1,7,'2014-12-23','01:00:00','Lower body',NULL),(446,1,1,'2014-12-25','01:00:00','MTB alebo valce 1h',NULL),(447,1,1,'2014-12-26','01:00:00','MTB alebo valce 1h',NULL),(448,1,1,'2014-12-27','01:00:00','MTB alebo valce 1h',NULL),(449,1,6,'2014-12-28','04:00:00','',NULL),(451,1,NULL,'2015-01-01','00:00:00','',1),(452,1,8,'2015-01-12','00:00:00','REST DAY\r\nIf you decide you REALLY want to ride today, the goal is to take it easy and get your blood moving a little bit. Otherwise, take the day off from riding, you\'ve got some big rides the rest of the week and you need to be rested and ready to ride hard. ',NULL),(454,1,1,'2015-01-13','01:30:00','ENDURANCE MILES 1-2hours. The goal of today\'s Endurance Miles ride is two-fold. One is to work on the development of your aerobic system (so no need to ride hard!) and the other is to wake your legs up from an easier day or two and get prepared for the intervals you\'ll be doing tomorrow. ',NULL),(455,1,1,'2015-01-14','02:30:00','CLIMBING REPEAT INTERVALS 2h 15m - 2h 45m total. 5x6 minute Climbing Repeats (4 minutes rest between intervals) - Increased climbing power at lactate threshold. (85-90 RPM).\r\nThe CR\'s today will tax your climbing lactate threshold and ultimately improve your ability to sustain a higher power for medium/long efforts. In order to maximize the benefits today, you\'ll want to meter your effort so that the last few intervals are a real challenge to complete. If you fall apart on the last rep, then you probably did it correctly!  ',NULL),(457,1,1,'2015-01-15','02:30:00','STEADY STATE INTERVALS 2h 15m - 2h 45m total. 4x12 minute Steady State Intervals (5 minutes rest between intervals). Increased sustained power at lactate threshold on flat/rolling terrain. (85-95 RPM). Today\'s Steady State intervals have a similar goal to yesterday, except they\'re more likely to be done on flatter terrain. The intent is still to improve your lactate threshold, but the intensity is slightly lower since the intervals are longer and more total time at intensity. You still want to be completely exhausted by the end of the last interval though, nothing left in the tank! ',NULL),(458,1,8,'2015-01-16','00:00:00','REST DAY. Rest today and let your body heal for the weekend workouts!',NULL),(459,1,1,'2015-01-17','04:00:00','STEADY STATE INTERVALS 3h 30m - 4h 30m total. 3x15 minute Steady State Intervals (6 minutes rest between intervals). Increased sustained power at lactate threshold on flat/rolling terrain. (85-95 RPM). The Steady State intervals within today\'s Endurance Miles ride come with the same goals as Thursday\'s intervals. You want to exhaust your ability to perform work at threshold, but then continue on for a little more endurance riding (easier effort). ',NULL),(460,1,1,'2015-01-18','03:30:00','ENDURANCE MILES 3 - 4h. With two easier days following this ride, the goal is to really push the envelope of your aerobic engine. Your body is already a little pre-fatigued, which means it won\'t take as long to get to the limits of your aerobic capacity. Ride how you feel today.',NULL),(461,1,8,'2015-01-19','00:00:00','REST DAY\r\nIf you decide you REALLY want to ride today, the goal is to take it easy and get your blood moving a little bit. Otherwise, take the day off from riding, you\'ve got some big rides the rest of the week and you need to be rested and ready to ride hard. ',NULL),(462,1,1,'2015-01-20','01:30:00','ENDURANCE MILES 1-2hours. You\'ve had a few hard days of riding now, so take it easy on today\'s Endurance Miles ride. The goal of today\'s ride is two-fold. One is to work on the development of your aerobic system (so no need to ride hard!) and the other is to wake your legs up from an easier day or two and get prepared for the intervals you\'ll be doing tomorrow. Whatever you do, don\'t compromise your energy available for the rest of the week\'s hard riding.',NULL),(463,1,1,'2015-01-21','02:30:00','POWER INTERVALS 2h 15m - 2h 45m total. 3x3 minute and 4x2 minute Max Efforts (equal rest between intervals - 3 minute and 2 minute). Increased power at VO2 max. (95+ RPM). Today\'s goal is to ride as hard as you can during each interval, with the intention of achieving the highest heart rate and oxygen consumption you can. Your speed or power may be compromised at the end of each rep or at the end of the workout but as long as you\'re working maximally and still achieving high HR\'s and breathing heavily, the benefits of the workout remain intact. ',NULL);
/*!40000 ALTER TABLE `training_plan` ENABLE KEYS */;
UNLOCK TABLES;

--
-- Table structure for table `user`
--

DROP TABLE IF EXISTS `user`;
/*!40101 SET @saved_cs_client     = @@character_set_client */;
/*!40101 SET character_set_client = utf8 */;
CREATE TABLE `user` (
  `id` int(11) NOT NULL AUTO_INCREMENT,
  `id_role` int(11) NOT NULL,
  `id_address` int(11) DEFAULT NULL,
  `id_primary_activity` int(11) DEFAULT NULL,
  `id_user_fitness` int(11) DEFAULT NULL,
  `id_privacy` int(11) DEFAULT NULL,
  `name` varchar(30) NOT NULL,
  `lastname` varchar(30) DEFAULT NULL,
  `fullname` varchar(60) NOT NULL,
  `username` varchar(20) NOT NULL,
  `password` varchar(40) NOT NULL,
  `email` varchar(40) NOT NULL,
  `gender` char(1) NOT NULL,
  `birthday` date DEFAULT NULL,
  `phone` varchar(15) DEFAULT NULL,
  `about` varchar(250) DEFAULT NULL,
  `profile_picture` varchar(100) DEFAULT NULL,
  `account_status` int(11) DEFAULT NULL,
  PRIMARY KEY (`id`),
  UNIQUE KEY `username` (`username`),
  UNIQUE KEY `email` (`email`),
  KEY `id_role` (`id_role`),
  KEY `id_address` (`id_address`),
  KEY `id_primary_activity` (`id_primary_activity`),
  KEY `id_user_fitness` (`id_user_fitness`),
  KEY `id_privacy` (`id_privacy`),
  CONSTRAINT `user_ibfk_1` FOREIGN KEY (`id_role`) REFERENCES `role` (`id`),
  CONSTRAINT `user_ibfk_2` FOREIGN KEY (`id_address`) REFERENCES `address` (`id`),
  CONSTRAINT `user_ibfk_3` FOREIGN KEY (`id_primary_activity`) REFERENCES `activity` (`id`),
  CONSTRAINT `user_ibfk_4` FOREIGN KEY (`id_user_fitness`) REFERENCES `user_fitness` (`id`),
  CONSTRAINT `user_ibfk_5` FOREIGN KEY (`id_privacy`) REFERENCES `privacy` (`id`)
) ENGINE=InnoDB AUTO_INCREMENT=35 DEFAULT CHARSET=utf8;
/*!40101 SET character_set_client = @saved_cs_client */;

--
-- Dumping data for table `user`
--

LOCK TABLES `user` WRITE;
/*!40000 ALTER TABLE `user` DISABLE KEYS */;
INSERT INTO `user` VALUES (1,2,3,1,6,1,'Matus','Macak','Matus Macak','matus','6fd1ff88b8a93a55e0693236b464c03c','matusmacak@gmail.com','M','1991-02-07','0911870348','It ain\'t about how hard you hit. It\'s about how hard you can get hit and keep moving forward. It\'s how much you can take and keep moving forward. That\'s how WINNIG is done.','user-1-o8vhj.jpg',0),(2,2,NULL,NULL,7,3,'Jane','Newone','Jane Newone','newbie','6fd1ff88b8a93a55e0693236b464c03c','janenewone@emailx.com','F','2013-03-07','','','user-2-h1cio.jpg',0),(3,2,NULL,1,8,4,'James','Hetfield','James Hetfield','jamie','6fd1ff88b8a93a55e0693236b464c03c','james@hetfield.com','M','1989-03-07','0922345987','',NULL,0),(4,2,NULL,1,NULL,5,'John','Lightning','John Lightning','light','6fd1ff88b8a93a55e0693236b464c03c','johnie@email.com','M','2013-03-08','','',NULL,0),(5,2,NULL,2,NULL,7,'Alex','Myname','Alex Myname','alex','6fd1ff88b8a93a55e0693236b464c03c','alex@gmail.com','M','2013-03-11','','',NULL,0),(6,2,NULL,1,NULL,8,'Velka','Nepriatelka','Velka Nepriatelka','nepriatelka','6fd1ff88b8a93a55e0693236b464c03c','nepriatelka@email.com','F','2013-03-11','','',NULL,0),(7,2,NULL,1,NULL,9,'Jonathan','Fresh','Jonathan Fresh','jonathan','6fd1ff88b8a93a55e0693236b464c03c','email@email.com','M','2013-03-30','','',NULL,0),(8,2,NULL,4,NULL,10,'Usera','Lastname','Usera Lastname','usera','6fd1ff88b8a93a55e0693236b464c03c','usera@email.com','F','2013-04-07','','',NULL,0),(9,2,NULL,6,NULL,11,'Userb','Lastname','Userb Lastname','userb','6fd1ff88b8a93a55e0693236b464c03c','userb@email.com','F','2013-04-07','','',NULL,0),(10,2,NULL,2,NULL,12,'Userc','Lastname','Userc Lastname','userc','6fd1ff88b8a93a55e0693236b464c03c','userc@email.com','F','2013-04-07','','',NULL,0),(11,2,NULL,5,NULL,13,'Userd','Lastname','Userd Lastname','userd','6fd1ff88b8a93a55e0693236b464c03c','userd@email.com','M','2013-04-07','','',NULL,0),(12,2,NULL,3,NULL,15,'Usere','Lastname','Usere Lastname','usere','6fd1ff88b8a93a55e0693236b464c03c','usere@email.com','M','2013-04-07','','',NULL,0),(13,2,NULL,6,NULL,16,'Userf','Lastname','Userf Lastname','userf','6fd1ff88b8a93a55e0693236b464c03c','userf@email.com','M','2013-04-07','','',NULL,0),(14,2,NULL,1,NULL,17,'Userg','Lastname','Userg Lastname','userg','6fd1ff88b8a93a55e0693236b464c03c','userg@email.com','F','2013-04-07','','',NULL,0),(15,2,NULL,NULL,NULL,18,'Userh','Lastname','Userh Lastname','userh','6fd1ff88b8a93a55e0693236b464c03c','userh@email.com','M','2013-04-07',NULL,NULL,NULL,0),(16,2,NULL,NULL,NULL,19,'Useri','Lastname','Useri Lastname','useri','6fd1ff88b8a93a55e0693236b464c03c','useri@email.com','F','2013-04-07',NULL,NULL,NULL,0),(17,2,NULL,NULL,NULL,21,'Userj','Lastname','Userj Lastname','userj','6fd1ff88b8a93a55e0693236b464c03c','userj@email.com','M','2013-04-07','','',NULL,0),(18,2,NULL,NULL,NULL,22,'Userk','Lastname','Userk Lastname','userk','6fd1ff88b8a93a55e0693236b464c03c','userk@email.com','F','2013-04-07',NULL,NULL,NULL,0),(19,2,NULL,NULL,NULL,23,'Userl','Lastname','Userl Lastname','userl','6fd1ff88b8a93a55e0693236b464c03c','userl@email.com','F','2013-04-07',NULL,NULL,NULL,0),(20,2,NULL,6,NULL,24,'Userm','','Userm ','userm','6fd1ff88b8a93a55e0693236b464c03c','userm@email.com','M','2013-04-07','','',NULL,9),(21,2,NULL,NULL,NULL,25,'Usern','Lastname','Usern Lastname','usern','6fd1ff88b8a93a55e0693236b464c03c','usern@email.com','M','2013-04-07','','',NULL,0),(22,2,NULL,7,NULL,26,'Mamvelmi','Dlhemeno','Mamvelmi Dlhemeno','dlhemeno','6fd1ff88b8a93a55e0693236b464c03c','dlhemeno@email.com','M','2013-04-08','','',NULL,0),(23,2,NULL,NULL,NULL,27,'Alexandra ','Lastname','Alexandra  Lastname','alexandra','6fd1ff88b8a93a55e0693236b464c03c','alex@email.com','M','2013-04-09',NULL,NULL,NULL,0),(24,2,NULL,NULL,NULL,28,'Daniela','Lastname','Daniela Lastname','daniela','6fd1ff88b8a93a55e0693236b464c03c','daniela@email.com','F','2013-04-09',NULL,NULL,NULL,0),(25,2,NULL,NULL,NULL,29,'Drahoslav','Lastname','Drahoslav Lastname','draho','6fd1ff88b8a93a55e0693236b464c03c','draho@email.com','M','2013-04-09',NULL,NULL,NULL,0),(26,2,NULL,NULL,NULL,30,'Andrea','Lastname','Andrea Lastname','andrea','6fd1ff88b8a93a55e0693236b464c03c','andrea@email.com','F','2013-04-09',NULL,NULL,NULL,0),(27,2,NULL,NULL,NULL,31,'Antonia','Lastname','Antonia Lastname','antonia','6fd1ff88b8a93a55e0693236b464c03c','antonia@email.com','F','2013-04-09',NULL,NULL,NULL,0),(28,2,NULL,NULL,NULL,32,'Severin','Lastname','Severin Lastname','severin','6fd1ff88b8a93a55e0693236b464c03c','severin@email.com','M','2013-04-09',NULL,NULL,NULL,0),(29,2,NULL,NULL,NULL,33,'Dalimil ','Lastname','Dalimil  Lastname','dalimil','6fd1ff88b8a93a55e0693236b464c03c','dalimil@email.com','M','2013-04-09',NULL,NULL,NULL,0),(30,2,NULL,NULL,NULL,34,'Uplne','Novy','Uplne Novy','pouzivatel','6fd1ff88b8a93a55e0693236b464c03c','novy@novy.com','M','2013-05-05',NULL,NULL,NULL,0),(31,1,NULL,NULL,NULL,35,'Main','Admin','Main Admin','mainadmin','6fd1ff88b8a93a55e0693236b464c03c','admin@admin.sk','M','2013-06-05',NULL,NULL,NULL,0),(32,2,NULL,NULL,NULL,36,'Userx','Lastname','Userx Lastname','userx','6fd1ff88b8a93a55e0693236b464c03c','m.prichocka@email.com','F','2013-06-05','','',NULL,0),(34,3,4,1,NULL,37,'Patrik','Kuril','Patrik Kuril','patrick','6fd1ff88b8a93a55e0693236b464c03c','patrik.kuril@gmail.com','M','2013-06-05','','',NULL,0);
/*!40000 ALTER TABLE `user` ENABLE KEYS */;
UNLOCK TABLES;

--
-- Table structure for table `user_fitness`
--

DROP TABLE IF EXISTS `user_fitness`;
/*!40101 SET @saved_cs_client     = @@character_set_client */;
/*!40101 SET character_set_client = utf8 */;
CREATE TABLE `user_fitness` (
  `id` int(11) NOT NULL AUTO_INCREMENT,
  `weight` int(11) DEFAULT NULL,
  `height` int(11) DEFAULT NULL,
  `max_hr` int(11) DEFAULT NULL,
  `rest_hr` int(11) DEFAULT NULL,
  PRIMARY KEY (`id`)
) ENGINE=InnoDB AUTO_INCREMENT=9 DEFAULT CHARSET=utf8;
/*!40101 SET character_set_client = @saved_cs_client */;

--
-- Dumping data for table `user_fitness`
--

LOCK TABLES `user_fitness` WRITE;
/*!40000 ALTER TABLE `user_fitness` DISABLE KEYS */;
INSERT INTO `user_fitness` VALUES (4,76,184,193,45),(5,52,172,198,49),(6,75,184,193,45),(7,54,172,199,53),(8,70,NULL,NULL,NULL);
/*!40000 ALTER TABLE `user_fitness` ENABLE KEYS */;
UNLOCK TABLES;

--
-- Table structure for table `visibility`
--

DROP TABLE IF EXISTS `visibility`;
/*!40101 SET @saved_cs_client     = @@character_set_client */;
/*!40101 SET character_set_client = utf8 */;
CREATE TABLE `visibility` (
  `id` int(11) NOT NULL AUTO_INCREMENT,
  `name` varchar(15) DEFAULT NULL,
  PRIMARY KEY (`id`)
) ENGINE=InnoDB AUTO_INCREMENT=4 DEFAULT CHARSET=utf8;
/*!40101 SET character_set_client = @saved_cs_client */;

--
-- Dumping data for table `visibility`
--

LOCK TABLES `visibility` WRITE;
/*!40000 ALTER TABLE `visibility` DISABLE KEYS */;
INSERT INTO `visibility` VALUES (1,'public'),(2,'friends'),(3,'secret');
/*!40000 ALTER TABLE `visibility` ENABLE KEYS */;
UNLOCK TABLES;

--
-- Table structure for table `zone_time`
--

DROP TABLE IF EXISTS `zone_time`;
/*!40101 SET @saved_cs_client     = @@character_set_client */;
/*!40101 SET character_set_client = utf8 */;
CREATE TABLE `zone_time` (
  `id` int(11) NOT NULL AUTO_INCREMENT,
  `p_time` int(3) NOT NULL,
  `id_trainingentry` int(11) NOT NULL,
  `id_hrzone` int(11) NOT NULL,
  PRIMARY KEY (`id`),
  KEY `id_trainingentry` (`id_trainingentry`),
  KEY `id_hrzone` (`id_hrzone`),
  CONSTRAINT `zone_time_ibfk_1` FOREIGN KEY (`id_trainingentry`) REFERENCES `training_entry` (`id`),
  CONSTRAINT `zone_time_ibfk_2` FOREIGN KEY (`id_hrzone`) REFERENCES `hr_zone` (`id`)
) ENGINE=InnoDB DEFAULT CHARSET=utf8;
/*!40101 SET character_set_client = @saved_cs_client */;

--
-- Dumping data for table `zone_time`
--

LOCK TABLES `zone_time` WRITE;
/*!40000 ALTER TABLE `zone_time` DISABLE KEYS */;
/*!40000 ALTER TABLE `zone_time` ENABLE KEYS */;
UNLOCK TABLES;
/*!40103 SET TIME_ZONE=@OLD_TIME_ZONE */;

/*!40101 SET SQL_MODE=@OLD_SQL_MODE */;
/*!40014 SET FOREIGN_KEY_CHECKS=@OLD_FOREIGN_KEY_CHECKS */;
/*!40014 SET UNIQUE_CHECKS=@OLD_UNIQUE_CHECKS */;
/*!40101 SET CHARACTER_SET_CLIENT=@OLD_CHARACTER_SET_CLIENT */;
/*!40101 SET CHARACTER_SET_RESULTS=@OLD_CHARACTER_SET_RESULTS */;
/*!40101 SET COLLATION_CONNECTION=@OLD_COLLATION_CONNECTION */;
/*!40111 SET SQL_NOTES=@OLD_SQL_NOTES */;

-- Dump completed on 2015-01-25  8:00:00
